Time,Day_of_week,Age_band_of_driver,Sex_of_driver,Educational_level,Vehicle_driver_relation,Driving_experience,Type_of_vehicle,Owner_of_vehicle,Service_year_of_vehicle,Defect_of_vehicle,Area_accident_occured,Lanes_or_Medians,Road_allignment,Types_of_Junction,Road_surface_type,Road_surface_conditions,Light_conditions,Weather_conditions,Type_of_collision,Number_of_vehicles_involved,Number_of_casualties,Vehicle_movement,Casualty_class,Sex_of_casualty,Age_band_of_casualty,Casualty_severity,Work_of_casuality,Fitness_of_casuality,Pedestrian_movement,Cause_of_accident
63,6,2,1,4,0,0,0,3,2,3,7,4,5,5,0,3,3,2,8,2,1,2,0,1,1,2,7,5,5,12
86,3,0,1,1,1,2,7,3,6,3,7,0,5,1,0,0,3,2,8,2,2,2,0,1,0,2,7,5,5,0
86,3,0,1,4,0,1,9,0,6,2,7,0,5,1,0,0,3,2,6,2,2,4,3,2,5,3,0,2,5,0
86,3,0,1,1,0,2,14,3,2,2,7,2,5,1,1,0,3,2,8,2,2,2,0,1,0,2,0,2,5,16
667,3,0,1,4,0,3,5,3,5,2,6,0,6,7,0,0,0,2,8,3,2,1,3,2,5,3,3,2,5,10
667,3,0,1,4,0,3,5,3,6,3,6,2,5,7,0,0,0,2,2,3,2,2,0,1,2,2,0,2,5,12
667,3,1,1,1,2,1,5,3,6,3,6,6,6,7,0,0,0,2,8,3,2,2,0,1,3,2,0,2,5,1
534,2,4,0,1,0,2,0,3,6,3,6,6,6,7,0,0,3,7,8,1,1,2,1,1,1,2,3,2,5,0
223,5,4,1,4,2,0,5,3,6,3,6,1,5,7,3,0,3,2,8,2,1,2,1,0,0,2,3,2,5,10
223,5,0,1,1,0,3,17,4,6,3,6,2,5,7,0,0,3,2,2,2,1,2,0,1,0,2,0,2,5,3
939,4,1,1,4,0,2,9,3,6,3,6,6,5,4,0,0,3,2,2,2,1,2,3,2,5,3,3,2,5,11
939,4,4,1,4,0,1,0,3,2,3,7,4,5,4,0,0,3,2,8,2,1,3,0,1,1,2,7,5,5,3
710,4,1,1,1,0,3,14,3,6,2,7,2,5,1,0,0,0,2,8,2,1,2,3,2,5,3,7,5,5,9
710,4,4,0,4,0,1,0,4,1,2,9,2,5,1,0,0,0,2,2,2,1,4,1,1,1,2,7,5,5,10
181,0,0,1,1,0,3,5,3,6,2,7,2,5,7,0,3,3,4,2,1,1,2,1,0,0,2,3,2,5,10
580,0,0,1,4,0,3,7,3,2,2,7,2,5,7,0,3,0,2,8,4,4,2,1,0,0,2,0,2,5,10
580,0,0,1,4,0,1,8,0,6,2,7,2,5,7,0,3,0,2,8,4,4,2,1,1,0,2,1,2,5,0
580,0,0,1,4,0,3,17,3,2,3,7,4,5,7,0,3,0,2,8,4,4,2,0,1,0,2,0,2,5,0
580,0,0,1,4,0,3,5,3,6,3,4,4,5,7,0,3,0,2,2,4,4,13,3,2,5,3,0,2,5,9
580,0,4,0,4,0,4,0,3,2,3,4,4,5,7,0,3,0,2,8,4,4,3,0,1,0,2,0,2,5,1
580,0,4,0,4,2,3,10,3,6,2,2,0,5,7,0,3,0,2,3,4,4,13,1,0,3,2,0,2,5,12
439,5,2,1,2,1,3,0,3,6,2,7,4,5,1,0,0,3,2,8,2,1,2,0,1,0,2,0,2,5,9
439,5,1,1,4,0,2,5,3,3,3,7,4,5,1,2,0,3,2,2,2,1,2,3,2,5,3,0,2,5,3
443,0,1,1,1,4,6,9,3,5,2,6,4,5,1,0,0,3,7,8,3,3,13,3,2,5,3,1,2,5,3
443,0,1,1,4,0,2,6,3,5,2,6,4,5,1,5,0,3,7,8,3,3,2,0,1,1,2,0,2,5,5
443,0,1,1,4,0,2,9,0,4,3,9,2,5,1,5,0,3,7,8,3,3,2,0,1,1,1,1,2,5,11
443,0,1,1,4,2,4,5,3,5,2,4,4,5,1,0,0,3,7,8,3,3,2,3,2,5,3,3,2,5,12
443,0,1,1,4,0,2,0,3,6,2,6,4,5,1,2,0,3,7,8,3,3,2,2,1,4,2,0,2,5,3
945,6,1,1,1,0,1,5,3,6,2,7,4,5,1,0,3,3,4,3,3,1,2,2,1,3,2,0,2,1,9
945,6,1,1,4,2,1,14,3,6,3,7,2,5,1,0,3,3,4,3,3,1,2,0,1,0,2,3,2,5,3
945,6,1,1,1,0,1,8,3,6,2,9,4,5,1,2,3,3,4,0,3,1,2,2,0,0,2,3,2,5,12
326,6,4,1,4,2,1,0,3,6,3,6,2,5,1,0,0,3,2,0,1,1,4,3,2,5,3,0,2,5,1
902,4,1,1,4,0,3,0,1,6,3,9,7,5,0,0,0,0,2,0,2,1,2,0,1,0,2,0,2,5,0
902,4,0,1,4,0,1,17,3,6,3,6,2,5,0,0,0,0,2,0,2,1,2,0,1,1,2,3,2,5,12
283,3,1,1,4,0,0,7,4,6,3,2,2,5,7,0,0,3,2,0,3,2,2,3,2,5,3,3,2,5,3
283,3,1,1,4,0,1,0,1,2,3,9,2,5,7,0,0,3,2,0,3,2,2,1,0,4,2,0,2,5,9
283,3,2,1,4,0,0,10,3,3,3,12,7,5,7,0,0,3,2,0,3,2,2,2,1,1,2,0,2,5,16
283,3,2,1,4,0,2,10,3,2,3,3,7,3,7,0,0,3,2,0,3,2,2,3,2,5,3,0,2,5,0
283,3,0,1,4,0,2,0,3,1,3,7,4,5,7,0,0,3,2,0,3,2,3,0,0,0,2,0,2,5,1
283,3,4,1,1,2,1,9,3,6,3,12,0,5,7,0,0,3,2,0,3,2,2,3,2,5,3,7,5,5,16
934,6,0,1,1,0,4,9,3,3,2,7,7,5,7,0,3,3,2,0,1,1,2,0,1,1,2,7,2,5,14
42,4,2,1,7,4,6,5,3,2,3,4,4,5,5,0,0,3,2,0,1,1,2,1,0,0,2,0,2,5,13
270,2,0,1,4,0,3,0,3,5,2,2,2,5,3,0,3,3,3,5,2,1,2,2,0,1,2,7,5,5,12
270,2,4,0,2,0,0,8,3,6,2,6,2,5,3,1,3,3,3,6,2,1,2,0,1,0,2,7,5,5,1
583,1,4,0,4,2,2,8,3,6,2,7,2,5,1,0,3,0,4,0,2,2,2,3,2,5,3,7,5,5,9
583,1,0,1,4,0,0,5,3,6,2,6,0,5,1,0,3,0,4,6,2,2,2,0,1,4,2,0,2,5,0
583,1,0,1,4,0,3,0,3,6,2,6,0,5,1,0,3,0,4,0,2,2,2,3,2,5,3,7,5,5,11
55,5,4,1,4,0,4,14,0,6,2,6,0,5,1,0,0,3,2,0,2,1,2,2,0,3,2,7,5,5,10
55,5,0,1,1,0,1,6,3,6,2,9,0,5,1,0,0,3,2,8,2,1,2,1,0,0,2,0,2,5,12
326,6,1,1,4,0,2,17,3,6,2,6,0,5,1,0,0,3,2,4,1,1,2,3,2,5,3,0,2,5,10
134,2,0,1,1,0,2,7,3,1,3,7,4,5,1,0,0,3,2,3,1,1,2,2,1,3,2,0,2,5,10
907,5,0,1,4,2,0,0,3,1,3,4,1,9,3,0,0,3,2,3,2,1,4,3,2,5,3,0,2,5,9
907,5,1,1,4,0,2,0,3,6,2,7,1,5,3,0,0,3,2,6,2,1,2,2,1,4,2,7,5,5,1
596,6,1,1,5,1,6,17,3,6,2,6,0,5,7,0,3,0,2,0,2,1,2,2,1,0,2,0,2,1,11
596,6,4,1,2,0,1,11,0,5,3,6,2,5,7,0,3,0,2,0,2,1,2,3,2,5,3,7,5,5,9
1014,1,3,1,4,0,0,0,0,6,2,14,0,5,2,0,3,3,4,4,2,1,2,0,1,0,2,7,5,5,7
1014,1,4,1,4,0,2,7,3,6,3,7,6,5,2,0,3,3,4,3,2,1,2,0,1,0,2,7,5,5,16
173,4,4,1,4,0,1,0,3,5,3,6,0,5,0,0,0,3,2,0,2,2,2,3,2,5,3,7,5,5,14
173,4,1,1,4,0,5,7,3,6,2,6,2,5,0,0,0,3,2,0,2,2,2,2,1,1,2,7,5,6,1
173,4,1,1,4,0,3,5,3,2,3,6,4,5,0,0,0,3,2,1,2,2,4,0,1,0,2,0,2,5,8
388,4,1,1,4,0,3,8,3,6,3,7,4,5,1,0,3,3,4,8,2,2,2,3,2,5,3,0,2,5,13
388,4,1,1,4,0,2,10,3,6,2,7,4,5,1,0,3,3,4,8,2,2,2,2,0,0,2,0,2,1,0
388,4,2,1,2,0,1,0,3,6,2,1,4,5,1,0,3,3,4,1,2,2,2,2,1,4,2,0,2,5,1
458,6,4,0,2,2,1,8,3,6,2,2,4,5,1,3,0,3,7,8,2,1,2,2,0,3,2,0,2,5,11
458,6,0,1,4,0,4,0,2,0,2,1,7,5,1,0,0,3,7,2,2,1,2,0,1,1,2,0,2,5,15
874,5,1,1,4,2,3,5,3,2,2,12,7,5,1,0,3,0,3,8,2,1,2,3,2,5,3,7,5,5,0
874,5,4,0,4,0,3,0,3,6,2,2,0,5,1,0,3,0,3,8,2,1,2,2,1,0,2,0,2,5,12
912,6,2,1,1,0,1,5,3,2,3,6,6,5,3,0,3,0,2,8,2,1,2,0,1,0,2,7,5,5,1
912,6,0,1,4,0,1,5,3,1,3,9,1,3,3,0,3,0,2,6,2,1,2,3,2,5,3,0,2,5,10
1073,5,2,1,5,0,3,5,3,6,2,7,1,5,1,0,0,3,0,8,2,1,3,0,1,0,2,0,2,5,11
1073,5,4,1,1,0,2,10,3,6,2,7,4,5,1,0,0,3,0,8,2,1,2,3,2,5,3,0,2,5,10
280,2,3,1,4,0,4,0,0,0,2,4,1,5,0,0,3,3,2,8,2,1,2,2,1,0,1,7,5,5,12
280,2,0,1,1,0,4,7,0,0,2,2,7,3,0,0,3,3,2,1,2,1,2,2,1,3,2,7,5,5,13
466,4,0,1,4,0,4,7,1,0,2,6,7,5,7,0,3,0,3,8,2,3,2,0,0,1,2,0,2,5,3
466,4,1,1,4,0,2,7,3,5,2,6,4,5,7,0,3,0,3,2,2,3,3,3,2,5,3,0,2,5,0
466,4,1,1,4,2,2,0,3,6,3,6,0,5,7,0,3,0,3,8,2,3,2,2,1,3,2,0,2,1,3
466,4,1,1,2,2,2,7,3,1,3,7,2,5,7,0,3,0,3,6,2,3,4,0,0,1,2,0,2,5,0
543,0,0,1,4,0,2,5,3,6,3,6,4,5,1,0,3,0,2,8,1,1,4,3,2,5,3,3,2,5,12
205,1,2,1,4,0,1,9,3,6,2,7,0,5,1,3,0,3,2,8,3,1,2,3,2,5,3,3,2,5,10
205,1,1,1,1,0,2,5,3,3,2,4,2,5,1,0,0,3,2,8,3,1,2,0,1,1,2,0,2,5,1
205,1,4,1,4,0,1,9,3,6,2,9,7,5,1,0,0,3,2,8,3,1,2,2,1,0,2,7,5,0,1
178,1,0,1,4,0,4,5,3,6,2,7,2,5,4,0,0,3,2,8,2,1,2,0,1,1,2,7,5,5,2
178,1,3,1,1,0,1,7,3,2,3,7,1,5,4,0,0,3,2,2,2,1,4,3,2,5,3,7,5,5,10
1013,1,1,1,4,0,1,5,3,0,2,7,1,5,1,2,0,3,7,8,2,1,2,2,1,0,2,0,2,6,1
1013,1,4,1,4,0,1,17,3,6,3,7,4,5,1,0,0,3,7,8,2,1,1,0,1,1,2,7,2,5,0
503,3,0,1,4,0,2,11,4,6,3,7,2,5,1,0,0,0,2,2,1,1,2,3,2,5,3,0,2,5,7
91,2,0,1,4,0,2,5,0,4,2,9,7,3,0,5,0,3,2,2,2,1,2,0,1,0,2,0,2,5,13
91,2,3,1,4,0,6,7,3,6,2,6,2,5,0,3,0,3,2,8,2,1,2,3,2,5,3,7,5,5,13
165,0,4,1,4,2,2,7,3,6,3,6,2,5,1,0,0,3,2,8,2,2,2,3,2,5,3,3,2,5,10
165,0,3,1,4,0,1,0,3,5,2,7,2,5,1,5,0,3,2,8,2,2,2,0,0,1,2,0,2,5,12
165,0,3,1,4,0,4,5,3,3,2,7,1,5,1,0,0,3,2,8,2,2,2,0,1,3,2,0,2,5,16
354,2,1,1,4,0,0,8,3,6,2,6,2,5,7,2,0,3,2,2,1,1,3,3,2,5,3,0,2,5,11
963,1,0,1,4,0,4,0,3,1,3,6,4,5,7,0,0,3,2,8,2,2,2,3,2,5,3,0,2,5,10
963,1,1,1,4,0,3,17,3,6,2,7,2,5,7,0,0,3,2,8,2,2,4,0,1,3,2,0,2,5,1
963,1,1,1,4,0,4,7,3,6,2,7,2,5,7,0,0,3,2,8,2,2,2,2,0,1,1,0,2,5,3
486,4,4,1,4,0,1,0,0,5,3,9,2,5,3,0,0,0,3,8,1,1,2,0,1,0,2,0,2,5,1
909,2,1,1,4,0,0,14,3,0,2,7,4,5,1,0,3,2,4,8,1,1,2,3,2,5,3,0,2,5,16
637,4,0,1,1,0,2,7,3,6,2,6,4,5,7,2,3,0,4,8,3,2,2,2,1,0,2,0,2,1,13
637,4,1,1,4,2,4,17,3,1,2,6,4,5,7,0,3,0,4,2,3,2,13,2,0,0,2,0,2,5,4
637,4,3,1,4,0,4,12,4,6,3,7,4,5,7,0,3,0,4,8,3,2,3,0,1,2,2,7,5,5,2
102,4,0,1,6,0,4,17,3,5,3,7,6,5,1,0,3,3,4,1,2,1,13,3,2,5,3,3,2,5,19
102,4,2,1,4,0,0,7,3,3,3,7,4,5,1,0,3,3,4,2,2,1,2,3,2,5,3,3,2,5,1
659,1,0,1,1,2,2,5,3,6,2,6,6,5,7,0,0,0,2,2,2,1,2,0,1,0,2,0,2,5,10
659,1,1,1,4,0,1,5,3,3,2,6,2,5,7,0,0,0,2,8,2,1,13,2,0,4,2,0,2,5,13
1004,0,4,1,4,2,4,5,3,6,2,7,2,3,7,0,3,3,3,6,1,1,2,0,1,1,2,3,2,5,12
476,0,1,1,6,0,2,14,3,3,2,2,7,5,1,0,0,0,2,8,2,1,2,3,2,5,3,3,2,5,0
476,0,4,1,6,0,2,5,0,6,2,4,4,5,1,0,0,0,2,8,2,1,2,1,1,1,2,7,5,5,11
1057,1,0,1,4,0,2,0,1,1,3,7,4,5,1,0,0,3,3,8,2,1,2,0,1,4,2,1,2,5,16
1057,1,1,1,4,0,1,0,3,2,2,7,2,5,1,0,0,3,3,8,2,1,2,3,2,5,3,7,5,5,3
406,6,4,0,4,0,3,8,3,0,3,6,4,7,1,2,0,3,2,8,2,1,2,3,2,5,3,7,5,5,12
406,6,1,1,4,0,2,15,3,5,2,7,1,5,1,0,0,3,2,8,2,1,2,0,0,1,2,7,5,5,11
352,1,4,1,4,0,3,17,3,5,2,1,4,3,1,0,0,3,2,8,1,1,4,3,2,5,3,0,2,5,1
388,4,4,1,4,0,1,0,0,5,2,7,2,3,1,0,0,3,2,8,1,1,2,0,1,0,2,0,2,5,3
458,0,2,1,4,0,4,17,0,2,2,2,2,5,1,0,0,0,2,2,2,1,2,3,2,5,3,0,2,5,1
458,0,0,1,4,0,4,3,3,6,3,9,4,5,1,4,0,0,2,8,2,1,2,0,1,0,2,0,2,5,1
438,1,4,1,4,2,2,9,3,2,2,6,2,9,7,3,3,0,4,8,1,1,2,2,0,1,2,0,2,5,0
1038,5,4,1,4,0,1,8,3,1,2,7,2,5,1,3,0,3,2,8,2,1,2,2,0,1,2,3,2,5,17
1038,5,0,1,1,0,4,17,0,1,3,6,4,5,1,0,0,3,2,8,2,1,2,2,0,1,2,3,2,5,3
835,1,0,1,4,0,1,7,3,6,3,6,7,5,7,0,3,0,4,1,1,1,3,3,2,5,3,3,2,5,10
360,5,4,1,4,0,2,5,3,6,2,7,1,0,1,2,0,3,2,8,2,1,2,0,1,0,2,3,2,5,3
360,5,3,1,2,0,3,0,3,6,2,9,4,5,1,0,0,3,2,8,2,1,2,3,2,5,3,7,5,5,0
325,3,1,1,2,0,3,8,3,6,2,1,1,5,1,0,0,3,2,8,2,1,2,0,1,0,1,3,2,5,12
325,3,1,1,4,0,2,5,3,6,2,2,4,5,1,0,0,3,2,8,2,1,2,3,2,5,3,3,2,5,1
967,1,0,1,1,0,0,5,3,6,2,7,1,5,1,0,3,3,3,8,2,1,2,0,1,0,2,3,2,5,10
967,1,3,1,1,0,2,3,3,6,2,7,4,5,1,2,3,3,3,8,2,1,2,0,0,0,2,0,2,5,9
218,1,2,1,4,0,2,11,3,5,2,7,2,5,7,0,3,3,2,2,2,2,2,3,2,5,3,7,5,5,16
218,1,2,1,4,0,0,11,0,6,2,9,7,5,7,0,3,3,2,8,2,2,1,0,1,3,2,0,2,5,0
424,4,0,1,4,2,2,0,3,3,2,12,7,5,1,0,3,0,4,8,1,1,2,3,2,5,3,0,2,5,1
587,6,1,1,2,2,3,0,3,3,2,2,2,5,1,0,3,0,7,8,2,1,2,3,2,5,3,3,2,5,16
587,6,4,0,7,2,4,0,3,3,2,7,7,5,1,0,3,0,7,8,2,1,9,0,0,4,2,0,2,5,14
448,0,4,1,6,2,2,7,3,4,3,7,2,5,7,0,0,0,7,8,2,1,3,2,1,3,2,0,2,0,13
448,0,0,1,0,0,3,9,3,1,3,6,4,5,7,0,0,0,7,8,2,1,2,0,0,0,1,7,5,5,12
1006,6,2,1,2,0,4,0,3,1,3,6,2,5,7,0,3,3,2,8,2,1,3,2,0,3,2,0,2,0,1
1006,6,3,1,4,0,0,14,3,1,2,7,4,5,7,0,3,3,2,8,2,1,2,3,2,5,3,0,2,5,9
19,2,4,0,4,0,3,0,3,4,2,3,4,5,1,0,0,0,2,6,2,1,13,0,1,0,2,0,2,5,0
19,2,0,1,4,2,3,0,3,1,3,7,4,5,1,2,0,0,2,8,2,1,2,0,1,1,2,0,2,5,11
408,0,0,1,4,0,3,0,3,6,3,7,2,5,7,0,0,3,2,8,2,2,13,2,0,4,2,0,2,1,10
408,0,0,1,4,0,5,17,3,6,3,7,4,5,7,0,0,3,2,8,2,2,2,0,1,1,2,3,2,5,12
408,0,4,1,4,0,0,17,4,6,3,7,0,5,7,0,0,3,2,2,2,2,13,3,2,5,3,7,5,5,10
251,3,0,1,3,2,0,8,0,6,2,7,2,6,3,0,3,3,4,8,4,2,2,0,1,0,2,3,2,5,10
251,3,3,1,4,2,4,16,3,3,2,3,2,5,3,2,3,3,4,8,4,2,2,3,2,5,3,0,2,5,9
251,3,0,1,4,2,0,8,4,3,2,7,2,5,3,0,3,3,4,8,4,2,2,3,2,5,3,7,5,5,1
251,3,2,1,4,2,1,7,3,6,2,7,1,5,3,0,3,3,4,2,4,2,2,0,1,1,2,7,5,5,11
227,0,1,1,5,2,2,14,3,1,2,7,2,6,3,0,3,3,2,8,2,1,2,1,0,2,2,0,2,5,9
227,0,3,1,5,2,3,8,3,6,3,6,2,5,3,0,3,3,2,8,2,1,4,0,1,4,2,0,2,5,7
985,5,4,1,4,2,1,5,3,5,3,9,2,5,1,0,0,3,2,8,1,1,4,0,1,4,2,0,2,5,16
496,1,2,1,1,2,3,5,3,1,2,7,2,5,7,0,0,0,2,8,2,1,2,1,1,1,2,3,2,5,14
496,1,1,1,6,2,2,0,3,5,3,9,2,5,7,0,0,0,2,2,2,1,2,3,2,5,3,0,2,5,1
129,5,4,1,7,2,6,0,3,5,3,7,4,5,0,0,0,3,2,8,2,1,1,1,0,3,2,3,2,5,8
129,5,0,1,4,2,2,8,3,1,3,9,0,5,0,4,0,3,2,8,2,1,2,1,1,2,2,0,2,5,13
895,6,4,0,4,2,4,8,3,6,3,6,2,5,1,0,0,3,2,8,2,1,2,1,0,0,2,0,2,5,0
895,6,0,1,4,2,1,5,3,2,3,6,2,6,1,0,0,3,2,8,2,1,2,3,2,5,3,7,5,5,1
246,6,1,1,1,0,1,9,3,5,3,6,0,5,4,0,0,3,7,8,2,1,2,3,2,5,3,7,5,5,11
246,6,0,1,4,0,1,7,3,6,3,1,2,5,4,0,0,3,7,1,2,1,2,0,1,0,2,3,2,5,15
1050,6,4,1,4,0,1,14,3,6,3,7,2,5,7,0,0,3,7,8,2,1,1,0,1,1,2,0,2,5,0
1050,6,0,1,4,0,2,0,3,6,3,7,7,5,7,0,0,3,7,8,2,1,2,2,0,1,2,0,2,5,12
195,0,2,1,4,0,2,0,3,2,3,7,2,5,7,0,3,3,4,2,2,1,2,3,2,5,3,3,2,5,1
195,0,4,0,4,0,3,5,3,6,3,7,0,5,7,2,3,3,4,8,2,1,4,1,0,3,2,0,2,5,10
604,3,2,1,1,0,2,14,3,1,2,7,4,7,1,0,0,0,2,8,2,2,2,0,1,0,2,0,2,5,11
604,3,1,1,4,0,2,5,3,1,2,6,2,5,1,0,0,0,2,1,2,2,2,3,2,5,3,7,2,5,10
604,3,1,1,4,0,3,11,3,3,2,6,2,5,1,0,0,0,2,8,2,2,2,0,1,0,2,0,2,5,12
993,0,2,1,1,2,6,0,3,5,2,6,1,5,7,0,0,3,2,8,1,1,2,3,2,5,3,3,2,5,13
141,5,4,1,4,2,2,0,3,3,2,9,0,5,1,0,0,3,2,1,2,1,2,2,1,1,2,3,2,5,3
141,5,1,1,4,0,2,0,0,4,2,1,2,5,1,0,0,3,2,1,2,1,7,3,2,5,3,7,2,5,0
58,4,3,1,4,0,4,17,3,5,2,2,0,5,7,0,0,3,2,1,2,1,4,0,1,0,2,3,2,5,3
58,4,2,1,7,4,6,5,3,5,2,6,4,5,7,0,0,3,2,2,2,1,2,0,1,1,2,0,2,5,0
251,3,1,1,4,0,2,5,3,5,2,7,2,5,5,0,0,3,2,8,3,2,2,2,0,3,1,0,2,5,12
251,3,2,1,4,0,2,0,3,6,3,9,7,3,5,0,0,3,2,8,3,2,2,0,0,0,2,7,2,5,10
251,3,1,1,4,0,3,14,3,6,2,12,7,5,5,0,0,3,2,8,3,2,2,1,0,0,2,0,2,5,1
251,3,1,1,2,0,3,9,3,0,2,6,2,5,5,0,0,3,2,8,3,2,2,1,0,0,2,0,2,5,1
151,5,1,1,4,0,3,9,3,3,2,7,7,5,0,0,0,3,2,8,1,1,2,3,2,5,3,0,2,5,2
433,5,4,1,4,0,3,0,3,5,2,7,2,5,1,0,0,3,7,8,1,1,2,3,2,5,3,3,2,5,10
280,2,0,1,4,0,3,9,1,1,3,6,2,7,7,0,0,3,2,1,3,1,2,0,1,3,2,0,2,5,1
280,2,0,1,4,0,3,9,3,6,3,6,2,5,7,2,0,3,2,2,3,1,2,0,1,0,2,0,2,5,0
280,2,0,1,4,0,2,5,3,2,3,7,4,5,7,0,0,3,2,8,3,1,3,3,2,5,3,7,2,5,7
508,2,3,1,4,0,1,0,3,2,2,6,2,5,1,5,0,3,2,8,1,1,3,3,2,5,3,0,2,5,13
360,2,4,1,4,0,4,5,3,1,2,4,2,5,1,0,0,3,7,8,1,1,9,0,1,0,1,7,5,5,13
362,3,0,1,4,0,4,17,3,5,2,6,4,5,1,0,0,3,2,8,2,2,4,0,1,3,2,7,5,5,10
362,3,1,1,4,0,1,0,3,6,3,7,4,5,1,0,0,3,2,9,2,2,4,3,2,5,3,7,5,5,12
886,6,1,1,1,0,4,14,3,3,3,7,2,5,1,0,0,3,2,8,2,1,2,0,1,0,2,3,2,5,16
886,6,2,1,4,0,4,17,3,5,3,6,2,5,1,0,0,3,2,8,2,1,2,3,2,5,3,3,2,5,11
317,1,1,1,4,0,6,17,4,6,3,2,6,5,5,0,3,3,2,8,3,1,4,3,2,5,3,0,2,5,10
317,1,1,1,7,0,2,0,3,6,3,6,7,5,5,0,3,3,2,8,3,1,4,0,1,0,1,3,2,5,1
317,1,0,1,6,0,4,14,3,6,3,9,7,5,5,0,3,3,2,8,3,1,2,2,1,3,2,0,2,6,3
537,4,2,1,4,0,4,0,3,5,2,1,2,5,7,0,3,3,4,8,2,1,7,0,1,0,2,3,2,5,1
537,4,0,1,4,0,0,7,0,2,3,7,7,5,7,3,3,3,4,8,2,1,4,3,2,5,3,1,2,5,16
337,3,0,1,1,0,3,7,3,5,2,2,4,5,1,0,0,3,2,8,1,2,9,2,0,1,2,0,2,5,13
337,3,0,1,1,0,3,0,3,5,2,7,1,5,1,0,0,3,2,8,1,2,2,3,2,5,3,0,2,5,4
504,5,0,1,1,0,4,5,3,3,2,7,2,5,7,0,0,3,2,1,2,1,2,0,0,1,2,0,2,5,2
504,5,2,1,2,0,1,5,3,2,3,2,4,5,7,0,0,3,2,2,2,1,2,0,1,0,1,0,2,5,19
327,1,3,1,4,0,1,5,3,5,3,6,2,6,7,0,0,3,2,2,1,1,2,3,2,5,3,0,2,5,1
724,3,0,1,0,0,3,0,3,5,3,6,0,5,1,0,0,0,2,8,4,2,2,2,0,4,1,0,2,5,10
724,3,4,1,4,0,1,0,1,2,2,2,2,5,1,0,0,0,2,8,4,2,2,3,2,5,3,3,2,5,13
724,3,0,1,4,0,1,10,1,1,2,7,4,7,1,0,0,0,2,8,4,2,2,0,1,1,2,3,2,5,12
724,3,4,1,2,0,0,10,3,5,2,7,4,5,1,0,0,0,2,8,4,2,2,3,2,5,3,3,2,5,0
977,1,3,1,4,0,2,5,3,5,2,2,4,5,3,0,0,3,7,8,2,2,2,3,2,5,3,0,2,5,11
977,1,0,1,4,0,4,5,3,2,2,4,2,6,3,0,0,3,7,2,2,2,4,0,1,4,2,7,2,5,16
977,1,0,1,4,0,4,9,3,5,2,6,4,5,3,0,0,3,7,8,2,2,2,3,2,5,3,7,2,5,3
396,4,1,1,1,0,6,7,3,5,2,12,4,5,1,0,0,3,2,8,1,1,2,0,1,0,2,3,2,5,12
934,4,4,1,4,0,4,5,3,5,2,7,4,5,0,0,0,3,7,8,2,1,3,0,0,0,2,0,2,5,11
934,4,2,1,4,0,0,0,3,5,2,2,1,5,0,0,0,3,7,8,2,1,2,3,2,5,3,1,2,5,1
1035,2,0,1,1,0,1,7,3,5,2,6,4,5,1,0,0,3,2,8,2,1,3,0,0,4,2,2,2,5,3
1035,2,2,1,2,0,0,6,3,5,2,7,7,3,1,0,0,3,2,8,2,1,4,3,2,5,3,0,2,5,1
471,4,1,1,4,0,2,0,3,1,2,7,7,5,1,4,0,3,2,1,3,2,2,0,1,0,1,0,2,5,1
471,4,1,1,4,0,4,0,3,5,3,7,2,5,1,0,0,3,2,1,3,2,7,3,2,5,3,0,2,5,0
471,4,2,1,2,0,3,5,3,1,3,7,1,5,1,0,0,3,2,2,3,2,2,0,0,1,2,7,2,5,17
626,3,0,1,1,2,2,0,3,3,2,2,2,6,1,0,0,0,7,1,2,2,4,1,0,3,2,1,2,5,3
626,3,1,1,1,0,4,11,0,1,2,9,2,5,1,0,0,0,7,8,2,2,4,0,1,4,2,7,2,5,10
334,4,4,1,4,0,2,5,3,1,2,6,2,6,1,0,0,3,2,8,2,5,4,3,2,5,3,7,2,5,3
334,4,1,1,1,2,2,11,3,1,2,7,2,5,1,0,0,3,2,8,2,5,8,0,0,0,1,7,2,5,0
334,4,1,1,4,0,1,5,3,1,2,6,2,6,1,0,0,3,2,2,2,5,4,3,2,5,3,7,5,5,12
334,4,1,1,4,0,3,5,3,1,2,7,2,5,1,4,0,3,2,2,2,5,4,3,2,5,3,0,2,5,1
334,4,1,1,4,0,2,5,3,0,2,2,4,5,1,0,0,3,2,8,2,5,4,0,1,0,2,3,2,5,10
334,4,1,1,2,0,0,9,3,5,2,6,2,5,1,0,0,3,2,8,2,5,2,2,0,0,2,7,5,5,9
221,3,2,1,1,0,2,9,3,5,2,7,2,5,7,0,3,3,4,8,2,1,2,3,2,5,3,0,2,5,9
221,3,1,1,1,0,1,14,3,5,2,7,2,5,7,0,3,3,4,8,2,1,2,3,2,5,3,0,2,5,10
632,4,4,1,4,0,4,5,3,3,3,12,2,5,1,0,0,0,2,8,2,1,2,0,1,1,2,0,2,5,10
632,4,0,1,4,0,4,0,3,5,2,2,0,6,1,0,0,0,2,8,2,1,2,3,2,5,3,0,2,5,10
360,0,1,1,4,0,2,8,3,5,3,12,4,5,1,0,0,3,2,8,1,2,2,1,0,0,2,3,2,5,11
360,0,1,1,4,2,2,0,3,1,2,9,0,5,1,0,0,3,2,8,1,2,2,3,2,5,3,7,5,5,3