Time,Day_of_week,Age_band_of_driver,Sex_of_driver,Educational_level,Vehicle_driver_relation,Driving_experience,Type_of_vehicle,Owner_of_vehicle,Service_year_of_vehicle,Defect_of_vehicle,Area_accident_occured,Lanes_or_Medians,Road_allignment,Types_of_Junction,Road_surface_type,Road_surface_conditions,Light_conditions,Weather_conditions,Type_of_collision,Number_of_vehicles_involved,Number_of_casualties,Vehicle_movement,Casualty_class,Sex_of_casualty,Age_band_of_casualty,Casualty_severity,Work_of_casuality,Fitness_of_casuality,Pedestrian_movement,Cause_of_accident
1064,5,0,1,1,0,0,10,4,6,3,6,2,5,7,5,0,3,0,8,1,2,2,0,1,1,2,7,5,5,1
1064,5,0,1,4,0,6,11,3,5,3,6,4,5,7,4,0,3,0,2,1,2,2,0,0,0,2,0,2,5,0
985,0,0,1,1,0,3,14,0,2,2,2,2,5,7,0,0,3,0,2,1,1,2,3,2,5,3,0,2,5,3
695,5,1,1,4,2,0,17,3,1,3,9,4,5,1,0,0,2,2,1,2,5,2,0,1,0,2,7,5,5,3
695,5,1,1,7,4,6,5,3,5,2,6,7,5,1,0,0,2,2,8,2,5,7,3,2,5,3,3,2,5,10
695,5,1,1,4,0,3,14,3,1,2,9,1,5,1,0,0,2,2,8,2,5,2,1,0,0,2,7,5,5,13
695,5,0,1,1,2,1,5,3,1,2,7,2,5,1,1,0,2,2,8,2,5,4,1,1,0,2,7,5,5,1
695,5,0,1,4,0,2,9,0,1,2,7,2,5,1,5,0,2,2,8,2,5,13,1,0,4,2,0,2,5,1
204,6,1,1,4,0,4,5,3,5,2,9,2,5,1,0,0,3,2,8,2,1,1,1,0,0,2,0,2,5,10
204,6,1,1,4,0,2,7,3,2,2,4,4,5,1,0,0,3,2,8,2,1,2,0,0,1,2,0,2,5,10
317,4,1,1,2,0,3,14,3,1,2,7,4,3,7,0,0,3,2,8,1,1,2,3,2,5,3,0,2,5,17
565,5,4,1,4,0,2,0,3,0,2,6,4,5,7,0,0,0,2,8,2,1,2,3,2,5,3,0,2,5,2
565,5,1,1,1,0,0,11,1,1,2,7,2,7,7,2,0,0,2,8,2,1,2,0,1,1,2,0,2,5,12
463,6,4,1,4,0,6,7,0,0,3,7,4,5,7,0,0,3,2,1,2,1,9,3,2,5,3,3,2,5,11
463,6,1,1,1,0,0,5,3,5,2,7,2,5,7,0,0,3,2,1,2,1,0,2,0,3,1,0,2,5,12
356,0,0,1,4,2,0,0,3,1,2,7,0,5,1,0,0,3,2,8,1,1,0,0,1,0,2,0,2,5,13
948,1,0,1,0,2,0,11,3,5,1,6,4,5,1,0,3,3,4,8,2,1,0,3,2,5,3,7,5,5,13
948,1,0,1,4,2,2,17,0,0,2,7,2,5,1,0,3,3,4,8,2,1,0,0,1,1,2,0,2,5,9
280,4,0,1,4,0,2,0,4,6,3,14,7,5,7,0,3,3,4,8,2,1,4,3,2,5,3,0,2,5,10
280,4,2,1,1,0,2,8,1,5,2,7,2,5,7,0,3,3,4,8,2,1,0,0,1,1,2,1,2,5,9
482,2,1,1,2,2,4,9,3,3,3,7,7,3,7,0,0,3,2,8,2,1,9,1,1,0,2,7,5,5,12
482,2,0,1,4,0,3,5,3,5,3,6,4,5,7,0,0,3,2,8,2,1,0,3,2,5,3,0,2,5,3
644,3,3,1,4,0,2,5,3,5,2,6,1,5,7,0,3,0,2,8,2,3,0,3,2,5,3,3,2,5,10
644,3,3,1,4,0,4,5,3,3,2,2,7,5,7,0,3,0,2,8,2,3,0,0,1,1,2,3,2,5,13
644,3,3,1,4,0,3,10,3,6,2,6,0,5,7,3,3,0,2,8,2,3,0,2,0,1,2,1,2,1,1
644,3,4,1,4,0,2,5,3,3,2,6,7,5,7,0,3,0,2,8,2,3,0,3,2,5,3,0,2,5,10
219,4,1,1,4,2,3,5,3,5,2,6,2,5,7,0,0,3,2,8,1,1,4,0,1,1,2,0,2,5,3
724,4,2,1,4,0,2,6,3,5,2,6,1,5,1,0,0,2,2,8,1,1,2,2,0,3,2,1,2,5,10
393,0,4,1,4,0,0,5,3,1,2,9,4,5,1,0,0,3,2,8,2,1,2,0,1,1,2,3,2,5,12
393,0,0,1,4,0,0,12,3,3,2,9,7,5,1,0,0,3,2,8,2,1,4,3,2,5,3,0,2,5,1
987,2,1,1,4,0,0,0,3,2,3,9,4,5,1,0,0,3,2,8,2,1,2,3,2,5,3,0,2,5,11
987,2,0,1,2,0,1,5,3,2,3,6,0,5,1,0,0,3,2,8,2,1,2,0,0,1,2,3,2,5,12
360,5,2,1,2,2,3,8,3,5,2,9,2,3,1,0,0,3,2,8,2,1,2,3,2,5,3,0,2,5,0
360,5,3,1,1,0,1,11,0,5,2,7,2,5,1,0,0,3,2,8,2,1,2,0,1,1,2,0,2,5,18
795,2,0,1,4,0,3,14,0,4,2,7,2,5,3,0,0,0,3,8,2,1,2,3,2,5,3,0,2,5,4
795,2,1,1,2,0,1,0,3,6,3,7,2,9,3,0,0,0,3,8,2,1,7,0,1,1,2,3,2,5,3
627,3,0,1,4,1,5,9,3,5,2,12,0,5,3,0,3,3,2,2,2,1,3,3,2,5,3,1,2,5,4
627,3,3,1,4,0,0,0,3,5,2,12,0,5,3,0,3,3,2,2,2,1,5,0,1,0,2,7,5,5,3
782,4,4,0,4,2,2,0,3,1,2,12,4,5,7,0,0,2,2,8,2,1,2,3,2,5,3,3,2,5,11
782,4,1,1,4,0,0,0,3,5,2,9,1,5,7,0,0,2,2,8,2,1,2,0,0,1,2,0,2,5,3
114,6,4,1,4,0,3,5,3,5,2,7,4,5,7,0,0,3,2,8,2,1,2,3,2,5,3,0,2,5,1
114,6,1,1,4,0,0,0,3,5,2,6,2,5,7,0,0,3,2,8,2,1,7,0,1,4,2,0,2,5,9
1036,5,0,1,4,0,0,0,3,2,2,7,2,5,1,0,0,3,0,2,2,1,2,2,1,4,2,0,2,5,3
1036,5,2,1,4,0,1,9,3,3,2,12,4,5,1,0,0,3,0,8,2,1,2,1,0,3,2,3,2,5,1
1002,5,0,1,2,0,0,15,3,2,2,7,0,5,1,0,0,3,2,2,1,1,2,2,1,1,2,0,2,5,3
195,4,0,1,4,0,0,0,3,1,2,4,2,5,1,0,0,3,2,2,2,1,2,0,0,1,2,0,2,5,3
195,4,2,1,1,0,3,9,3,1,2,7,2,5,1,4,0,3,2,1,2,1,7,1,1,1,2,7,5,5,3
967,4,4,1,4,0,3,14,3,5,2,6,2,5,1,5,0,3,2,8,2,1,2,1,1,1,2,3,2,5,1
967,4,0,1,1,0,3,14,3,5,2,7,2,5,1,0,0,3,2,2,2,1,2,3,2,5,3,0,2,5,1
207,6,1,1,4,0,3,0,3,5,2,7,2,5,1,0,0,3,2,8,2,1,4,3,2,5,3,0,2,5,3
207,6,4,0,4,0,0,5,1,3,2,5,4,5,1,0,0,3,2,8,2,1,0,0,1,2,2,0,2,5,16
467,5,0,1,4,0,2,0,3,5,2,7,7,5,1,0,0,3,2,8,2,1,9,3,2,5,3,2,2,5,1
467,5,1,1,2,2,1,9,3,3,2,9,2,5,1,0,0,3,2,8,2,1,2,0,0,3,2,1,2,5,10
352,1,1,1,4,0,1,0,3,3,3,6,2,5,1,0,0,3,2,8,4,1,2,3,2,5,3,0,2,5,13
352,1,1,1,4,0,2,0,3,5,3,6,0,5,1,0,0,3,2,8,4,1,2,0,1,0,2,3,2,5,1
352,1,1,1,4,0,2,5,4,1,3,3,1,9,1,0,0,3,2,2,4,1,2,2,0,1,2,0,2,0,1
352,1,0,1,4,0,1,0,3,5,3,4,2,5,1,0,0,3,2,8,4,1,2,2,1,2,2,7,5,5,16
348,5,4,1,2,0,3,6,3,1,2,7,4,5,1,0,0,3,2,2,2,3,2,1,0,1,1,0,2,5,13
348,5,0,1,1,0,2,17,3,6,3,6,4,5,1,0,0,3,2,8,2,3,2,3,2,5,3,0,2,5,4
348,5,0,1,4,0,3,0,3,5,2,6,7,5,1,0,0,3,2,8,2,3,2,0,1,1,2,3,2,5,16
348,5,0,1,6,0,1,0,3,5,3,9,2,5,1,4,0,3,2,8,2,3,1,0,1,0,2,3,2,5,12
334,1,0,1,4,0,1,0,3,5,3,9,6,5,1,0,0,3,2,2,2,1,1,2,0,1,2,0,2,1,9
334,1,2,1,2,0,1,11,3,5,2,12,2,5,1,0,0,3,2,2,2,1,1,3,2,5,3,0,2,5,13
230,0,1,1,4,0,0,17,0,5,2,7,2,5,7,0,0,3,7,8,2,1,3,0,1,1,2,3,2,5,12
230,0,1,1,2,0,2,0,0,5,2,0,4,5,7,0,0,3,7,8,2,1,2,2,0,0,2,0,2,2,11
870,1,2,1,1,0,1,0,3,5,2,6,7,5,1,0,0,3,2,8,2,1,2,0,0,1,2,3,2,5,1
870,1,3,1,4,0,0,7,3,5,2,2,2,5,1,0,0,3,2,8,2,1,12,1,0,1,2,0,2,5,1
994,5,4,1,1,0,0,14,0,5,2,2,2,5,1,0,0,3,7,8,2,1,2,3,2,5,3,0,2,5,1
994,5,1,1,2,0,5,5,3,5,2,9,0,5,1,0,0,3,7,8,2,1,2,0,1,1,2,0,2,5,4
674,2,1,1,4,2,2,15,3,3,2,9,2,5,7,0,0,0,2,8,2,1,2,3,2,5,3,0,2,5,0
674,2,4,0,4,0,0,7,3,5,2,9,0,5,7,4,0,0,2,2,2,1,7,2,1,3,2,0,2,5,9
351,1,1,1,4,0,1,9,3,3,2,9,2,5,3,0,0,3,2,2,2,2,2,3,2,5,3,7,5,5,2
351,1,3,1,4,0,2,0,3,0,2,7,0,5,3,0,0,3,2,2,2,2,2,0,1,1,1,0,2,5,9
562,0,3,1,7,4,6,0,3,5,2,7,2,5,1,5,3,3,4,8,1,1,4,0,1,3,1,0,2,5,10
290,2,4,0,7,4,6,10,3,1,2,9,2,5,1,0,3,3,4,8,2,1,0,3,2,5,3,7,5,5,13
290,2,0,1,4,0,1,5,3,5,2,7,7,5,1,0,3,3,4,8,2,1,9,3,2,5,3,3,2,5,12
906,4,1,1,4,0,3,5,3,5,2,2,4,5,7,0,0,3,2,8,2,1,2,0,1,1,2,0,2,5,1
906,4,1,1,4,2,3,4,3,5,2,7,4,5,7,2,0,3,2,1,2,1,2,1,0,1,2,0,2,5,13
565,0,0,1,7,4,6,6,3,5,2,6,4,5,1,0,3,3,2,1,1,1,2,1,1,1,2,3,2,5,10
506,1,2,1,1,2,3,5,3,1,2,6,2,5,7,0,0,3,2,8,2,1,2,0,1,1,2,0,2,5,3
506,1,0,1,7,4,6,14,3,6,3,9,4,5,7,0,0,3,2,8,2,1,2,3,2,5,3,1,2,5,10
383,5,3,1,4,2,2,0,3,5,3,7,2,5,7,0,0,3,2,8,2,2,2,3,2,5,3,0,2,5,9
383,5,1,1,4,2,3,7,3,3,3,4,4,5,7,0,0,3,2,8,2,2,2,0,1,1,2,0,2,5,10
827,5,1,1,2,2,3,7,3,5,3,6,2,5,1,0,3,2,8,8,2,2,2,1,0,3,2,7,5,5,9
827,5,1,1,7,4,6,15,1,5,3,1,2,5,1,0,3,2,8,8,2,2,1,2,1,4,2,0,2,5,11
827,5,4,1,1,0,2,0,3,0,2,9,2,5,1,0,3,2,8,8,2,2,1,3,2,5,3,0,2,5,0
466,0,0,1,1,2,3,3,3,3,3,9,4,5,7,0,0,3,2,8,2,1,1,0,1,0,2,0,2,5,10
466,0,1,1,4,2,4,3,3,2,3,2,4,3,7,0,0,3,2,8,2,1,3,0,1,1,2,0,2,5,13
895,6,0,1,4,2,1,5,3,2,3,9,4,5,3,0,0,3,2,8,2,1,2,3,2,5,3,7,5,5,10
895,6,4,1,4,2,1,5,3,5,2,14,7,5,3,0,0,3,2,2,2,1,2,3,2,5,3,0,2,5,11
988,0,0,1,2,2,2,4,3,2,2,7,4,5,1,0,0,3,2,6,2,1,12,0,1,0,2,1,2,5,9
988,0,1,1,4,2,6,0,3,5,3,7,3,5,1,0,0,3,2,8,2,1,2,3,2,5,3,7,5,5,11
309,3,1,1,7,2,4,15,3,5,2,2,3,5,1,0,3,3,4,8,2,2,4,3,2,5,3,0,2,5,10
309,3,1,1,1,2,3,7,0,6,2,7,3,5,1,0,3,3,4,8,2,2,2,3,2,5,3,7,5,5,11
309,3,0,1,1,2,4,0,3,5,2,2,3,5,1,0,3,3,4,8,2,2,2,0,1,0,2,0,2,5,3
634,3,3,1,4,2,2,0,3,5,2,2,2,5,0,2,0,3,2,8,2,1,2,3,2,5,3,0,2,5,7
634,3,1,1,4,2,2,0,3,3,2,7,4,5,0,0,0,3,2,2,2,1,2,0,0,2,1,3,2,5,3
646,1,0,1,7,2,6,0,0,2,2,7,4,5,1,0,0,3,2,2,2,1,5,3,2,5,3,0,2,5,0
646,1,1,1,4,0,0,11,3,2,2,12,7,5,1,0,0,3,2,8,2,1,2,0,1,1,2,1,2,5,12
335,1,1,1,2,2,2,4,3,3,2,9,4,5,3,0,0,3,2,2,1,1,2,0,1,1,2,0,2,5,1
476,2,0,1,4,0,2,5,4,0,2,7,2,5,1,0,0,3,2,8,2,1,2,3,2,5,3,7,5,5,1
476,2,2,1,4,0,2,5,3,3,2,6,4,5,1,0,0,3,2,8,2,1,9,0,1,1,2,0,2,5,10
476,5,3,0,4,0,2,14,3,3,2,9,4,5,1,0,0,3,7,8,1,1,2,1,0,1,2,3,2,5,10
438,4,1,1,4,0,3,7,3,3,2,7,1,3,1,0,0,3,2,8,2,1,2,3,2,5,3,7,5,5,0
438,4,4,1,4,0,2,0,3,3,2,9,2,5,1,0,0,3,2,8,2,1,1,0,1,0,2,3,2,5,1
157,0,4,1,4,0,5,8,3,2,2,9,4,5,1,0,0,3,2,8,2,1,3,3,2,5,3,3,2,5,12
157,0,3,1,0,0,4,6,3,6,2,9,2,5,1,2,0,3,2,1,2,1,1,0,1,1,2,7,5,5,0
476,0,1,1,1,0,2,0,3,0,2,7,7,5,3,0,0,3,2,8,3,2,5,3,2,5,3,0,2,5,12
476,0,2,1,1,0,2,8,3,2,2,7,4,5,3,0,0,3,2,2,3,2,2,0,1,1,2,0,2,5,9
476,0,2,1,4,0,2,6,3,2,2,7,1,5,3,0,0,3,2,8,3,2,2,3,2,5,3,2,2,5,18
476,0,2,1,2,0,2,14,3,0,2,3,4,5,3,0,0,3,2,2,3,2,2,3,2,5,3,3,2,5,10
602,3,1,1,4,0,2,5,3,1,2,9,4,5,7,0,3,0,4,8,1,1,7,0,1,1,2,3,2,5,10
925,4,0,1,4,0,1,15,3,2,2,9,1,5,1,0,0,3,2,8,2,1,1,2,1,4,2,0,2,6,10
925,4,1,1,6,0,2,0,3,2,2,9,4,5,1,0,0,3,2,1,2,1,2,1,0,1,2,1,2,5,0
988,5,1,1,4,0,3,3,3,0,2,7,2,5,0,0,3,3,4,8,2,1,2,3,2,5,3,7,5,5,12
988,5,4,1,4,0,0,0,3,0,2,6,2,5,0,3,3,3,4,8,2,1,2,0,1,0,2,0,2,5,2
443,5,0,1,6,0,4,9,3,1,2,7,7,5,0,0,3,3,4,8,2,2,7,3,2,5,3,0,2,5,16
443,5,2,1,1,0,0,4,3,5,2,6,0,5,0,0,3,3,4,8,2,2,2,0,1,0,2,0,2,5,13
983,6,2,1,4,0,2,8,3,5,2,9,2,5,1,0,3,3,3,1,1,1,8,2,0,1,2,3,2,1,0
513,4,3,1,1,0,3,5,3,5,2,6,0,1,3,0,0,3,2,8,2,2,5,2,0,0,2,7,2,5,11
513,4,3,1,4,0,2,7,3,6,2,6,0,5,3,0,0,3,2,8,2,2,2,3,2,5,3,2,2,5,0
513,4,3,1,1,0,1,0,1,5,2,7,0,5,3,0,0,3,2,8,2,2,7,0,1,0,2,0,2,5,10
91,6,4,1,4,0,1,3,3,5,2,6,2,5,1,0,0,3,2,8,1,1,2,2,1,4,2,0,2,1,9
1050,3,2,1,4,0,3,4,3,5,2,6,6,5,1,0,0,3,2,2,2,1,2,3,2,5,3,0,2,5,0
1050,3,1,1,4,0,1,3,0,5,3,6,1,5,1,0,0,3,2,8,2,1,7,0,0,0,2,7,5,5,13
285,1,4,0,4,2,4,0,3,5,3,7,4,5,1,0,0,3,2,8,2,1,2,0,1,0,2,0,2,5,10
285,1,0,1,4,0,1,15,3,5,3,9,6,5,1,0,0,3,2,8,2,1,12,1,0,0,2,0,2,5,9
481,6,2,1,4,0,3,15,3,1,2,9,2,1,7,0,0,3,2,8,3,2,2,3,2,5,3,7,5,5,10
481,6,3,1,4,0,1,3,3,2,3,2,2,5,7,0,0,3,2,2,3,2,2,2,0,3,2,0,2,5,0
481,6,3,1,1,0,3,4,3,2,3,7,2,5,7,0,0,3,2,8,3,2,2,0,1,1,1,0,2,5,0
481,6,2,1,1,0,3,4,3,5,3,9,2,5,7,0,0,3,2,8,3,2,2,3,2,5,3,3,2,5,11
190,6,0,1,1,1,3,3,3,1,3,7,4,5,7,0,0,3,2,8,2,1,1,0,1,0,1,0,2,5,0
190,6,1,1,4,0,3,16,3,1,3,9,4,5,7,0,0,3,2,8,2,1,2,3,2,5,3,0,2,5,3
24,5,4,1,4,0,4,3,3,1,3,9,2,5,1,0,0,0,2,8,3,1,2,0,1,1,2,0,2,5,3
24,5,1,1,1,0,2,3,3,2,2,7,2,5,1,0,0,0,2,8,3,1,2,3,2,5,3,0,2,5,11
24,5,0,1,4,0,1,10,4,6,3,7,2,5,1,0,0,0,2,8,3,1,7,2,0,1,2,0,2,5,7
345,3,4,0,4,0,3,0,3,5,2,7,4,5,7,2,1,3,4,8,2,1,9,0,1,1,1,0,2,5,10
345,3,0,1,4,0,4,0,3,5,2,7,0,5,7,0,1,3,4,8,2,1,2,2,0,0,2,0,2,5,0
599,3,0,1,4,2,1,8,3,5,3,9,2,5,7,0,0,0,2,8,1,2,2,3,2,5,3,7,5,5,12
599,3,0,1,4,0,3,17,3,1,3,1,4,5,7,0,0,0,2,8,1,2,2,0,1,0,2,0,2,5,10
603,3,0,1,6,0,1,14,3,6,3,7,7,5,1,0,0,2,2,2,2,1,2,3,2,5,3,7,5,5,11
603,3,1,1,4,0,1,17,3,6,3,6,4,5,1,0,0,2,2,2,2,1,1,0,1,1,2,0,2,5,11
669,3,3,1,2,0,1,0,4,6,3,7,4,5,1,0,0,2,2,2,2,1,2,3,2,5,3,2,2,5,12
669,3,3,1,4,0,0,0,3,5,3,6,4,5,1,0,0,2,2,1,2,1,2,0,1,4,2,3,2,5,3
408,6,0,1,2,0,2,3,3,5,3,6,1,5,1,3,0,3,2,8,2,2,2,3,2,5,3,0,2,5,1
408,6,1,1,1,0,1,10,3,5,3,6,4,5,1,0,0,3,2,8,2,2,2,0,1,1,1,7,5,5,0
408,6,1,1,4,0,0,10,3,5,2,7,4,5,1,0,0,3,2,1,2,2,2,2,1,0,2,3,2,6,9
290,5,0,1,1,0,0,4,0,5,3,7,0,5,1,0,0,3,2,8,2,1,2,0,0,0,2,7,5,5,3
290,5,0,1,2,0,5,4,3,5,2,6,3,5,1,4,0,3,2,8,2,1,2,3,2,5,3,7,5,5,4
787,0,4,0,4,2,2,8,3,5,3,9,7,5,7,0,0,0,7,8,2,1,2,3,2,5,3,0,5,5,4
787,0,3,1,4,0,0,0,0,1,3,1,4,5,7,0,0,0,7,8,2,1,2,2,1,0,2,7,5,6,11
486,2,1,1,4,0,1,0,3,0,2,7,7,5,1,0,0,3,2,8,2,1,2,3,2,5,3,5,2,5,0
486,2,4,1,4,0,2,0,3,3,2,9,7,5,1,0,0,3,2,8,2,1,7,0,1,0,1,0,2,5,1
550,6,1,1,7,4,6,3,3,5,2,7,7,5,3,0,0,3,2,2,2,1,2,2,1,0,2,0,2,5,3
550,6,4,1,7,4,6,3,3,5,3,7,7,5,3,0,0,3,2,1,2,1,9,3,2,5,3,0,2,5,10
898,6,1,1,4,0,1,0,3,2,3,7,1,5,1,0,0,3,2,8,2,1,2,3,2,5,3,7,5,5,7
898,6,1,1,4,0,3,14,3,5,2,7,2,5,1,0,0,3,2,8,2,1,2,0,1,1,2,0,2,5,5
209,1,0,1,4,2,3,17,3,1,2,7,7,5,1,0,0,3,2,2,2,2,2,0,0,1,2,0,2,5,1
209,1,0,1,7,4,6,7,3,5,2,12,4,5,1,0,0,3,2,8,2,2,2,3,2,5,3,3,2,5,3
209,1,0,1,1,2,3,13,3,6,2,6,2,5,1,0,0,3,2,8,2,2,7,2,1,3,2,0,2,5,9
280,1,2,1,7,4,6,5,3,5,2,6,2,5,1,0,0,3,2,8,2,1,2,3,2,5,3,7,5,5,18
280,1,2,1,4,2,2,8,3,2,2,6,2,5,1,0,0,3,2,8,2,1,9,0,0,4,2,6,2,5,1
637,6,1,1,4,2,3,4,3,5,2,12,6,5,7,0,0,3,2,8,2,1,2,3,2,5,3,0,2,5,3
637,6,1,1,2,2,3,5,0,6,2,12,4,5,7,3,0,3,2,8,2,1,2,3,2,5,3,7,5,5,12
891,5,1,1,7,4,6,6,3,6,2,6,2,5,0,0,0,3,7,8,2,1,2,0,1,1,2,0,2,5,9
891,5,1,1,1,0,2,0,3,6,2,6,2,5,0,0,0,3,7,8,2,1,2,3,2,5,3,2,2,5,0
295,2,2,1,1,2,3,0,0,3,2,12,2,5,7,0,0,3,2,2,2,1,2,3,2,5,3,2,2,5,17
295,2,1,1,4,2,4,0,3,0,2,14,2,5,7,4,0,3,2,2,2,1,1,0,0,0,2,3,2,5,10
149,2,0,1,4,2,1,14,3,3,2,7,2,5,1,0,0,3,2,2,1,1,3,2,0,3,1,0,2,6,3
486,5,0,1,4,2,1,17,3,4,2,7,4,5,1,4,0,3,2,8,2,1,2,3,2,5,3,0,2,5,10
486,5,4,1,2,2,2,11,3,3,2,7,2,5,1,0,0,3,2,1,2,1,9,3,2,5,3,0,2,5,0
910,1,0,1,4,2,6,11,3,5,2,9,4,5,1,0,0,3,2,8,2,1,2,0,1,1,2,7,5,5,11
910,1,1,1,7,2,4,14,0,0,2,7,4,5,1,0,0,3,2,1,2,1,13,2,0,3,2,7,5,1,10
280,6,4,1,1,2,3,0,3,0,2,7,4,5,1,0,0,3,2,8,2,2,2,2,0,1,2,0,2,5,10
280,6,2,1,1,2,4,2,3,6,2,4,4,5,1,0,0,3,2,1,2,2,2,0,1,0,2,2,2,5,0
280,6,2,1,4,2,2,0,3,6,2,1,4,5,1,0,0,3,2,8,2,2,2,3,2,5,3,0,2,5,10
343,2,4,0,4,2,2,5,3,3,2,2,2,5,7,0,0,3,2,8,2,1,2,0,0,0,2,7,5,5,0
343,2,0,1,7,2,6,0,3,6,3,6,2,5,7,0,0,3,2,8,2,1,9,3,2,5,3,0,2,5,10
376,6,0,1,4,0,0,10,3,6,3,7,2,5,1,0,3,3,4,8,2,1,9,0,1,0,2,0,2,5,10
376,6,1,1,2,2,2,13,3,6,3,6,4,5,1,0,3,3,4,8,2,1,2,2,1,0,2,1,2,5,10
492,4,1,1,4,0,2,0,3,6,3,6,2,5,1,0,0,3,2,8,2,1,1,1,0,3,2,7,5,5,0
492,4,1,1,4,0,2,10,3,6,3,7,2,5,1,0,0,3,2,8,2,1,1,1,0,3,2,4,2,5,1
145,4,0,1,4,0,2,17,3,3,3,9,4,5,0,0,0,3,2,8,2,2,2,2,1,0,2,0,2,6,9
145,4,1,1,4,0,3,5,3,3,3,6,7,7,0,0,0,3,2,8,2,2,5,3,2,5,3,3,2,5,1
152,2,2,1,4,0,2,5,3,3,2,9,7,5,7,0,0,3,2,8,2,2,7,2,0,1,2,3,2,5,10
152,2,1,1,4,0,5,9,4,6,3,12,2,5,7,0,0,3,2,8,2,2,2,3,2,5,3,0,2,5,16
152,2,1,1,0,0,4,5,3,3,2,6,2,2,7,0,0,3,2,8,2,2,1,0,1,1,2,7,5,5,13
935,4,0,1,1,0,2,5,3,2,2,7,7,5,0,0,0,3,2,6,1,1,1,3,2,5,3,0,2,5,13
467,0,1,1,1,0,2,9,3,3,2,7,4,5,7,0,0,3,2,2,2,1,7,0,1,1,2,0,2,5,1
467,0,1,1,4,0,2,11,3,3,2,2,7,5,7,0,0,3,2,8,2,1,9,0,1,0,1,3,2,5,11
121,2,1,1,2,0,2,0,3,6,2,6,2,5,1,0,0,3,2,8,2,1,3,3,2,5,3,0,2,5,12
121,2,1,1,4,0,2,8,3,6,2,7,2,5,1,2,0,3,2,8,2,1,2,0,1,0,2,7,2,5,0
668,2,2,1,4,0,1,14,3,6,2,6,2,6,0,0,0,0,2,1,1,1,2,3,2,5,3,0,2,5,0
516,0,4,1,6,0,2,7,3,6,2,6,2,5,7,0,0,3,2,1,2,2,2,2,1,0,2,7,5,6,16
516,0,0,1,4,0,3,17,3,3,2,6,2,2,7,0,0,3,2,8,2,2,2,2,1,0,2,0,2,0,10
516,0,0,1,4,0,0,0,3,3,2,2,4,2,7,0,0,3,2,8,2,2,7,1,0,0,2,7,5,5,12
435,0,4,1,6,0,4,14,3,3,2,6,4,1,0,0,0,3,3,1,2,1,2,0,1,1,2,3,3,5,1
435,0,2,1,1,0,0,8,3,2,2,7,0,1,0,0,0,3,3,1,2,1,2,3,2,5,3,0,2,5,0
828,2,0,1,4,0,2,5,3,6,3,7,2,5,1,0,0,0,2,1,1,1,2,1,1,3,1,0,2,5,10
524,0,0,1,4,0,0,0,3,2,2,2,5,7,1,0,0,3,2,8,2,1,2,0,1,0,2,2,2,5,3
524,0,4,1,1,2,2,17,3,0,3,12,4,5,1,0,0,3,2,2,2,1,1,3,2,5,3,7,5,5,11
509,2,0,1,4,0,1,5,4,6,3,2,2,5,1,0,0,3,2,8,2,1,2,2,0,1,2,7,5,5,3
509,2,1,1,4,2,4,5,3,3,3,6,4,5,1,3,0,3,2,8,2,1,2,0,1,1,2,2,2,5,9
1065,3,1,1,6,0,2,5,3,1,2,7,7,5,1,0,0,3,2,2,2,1,2,3,2,5,3,0,2,5,10
1065,3,2,1,6,0,2,8,3,3,3,2,2,4,1,2,0,3,2,8,2,1,2,3,2,5,3,0,2,5,10
81,6,3,1,4,0,2,8,0,0,2,7,0,5,3,0,0,3,2,8,2,1,7,0,1,0,2,7,5,5,10
81,6,0,1,4,0,1,0,0,3,3,7,0,5,3,0,0,3,2,8,2,1,3,3,2,5,3,0,2,5,0
165,2,1,1,4,0,3,7,1,2,2,6,2,1,1,0,0,3,2,8,1,1,2,0,1,1,2,7,5,5,0
1023,4,1,1,4,0,2,17,1,3,2,7,2,5,7,2,0,3,2,1,2,1,2,3,2,5,3,0,2,5,9
1023,4,1,1,4,0,3,0,3,1,2,7,2,5,7,0,0,3,2,6,2,1,2,0,1,4,2,0,2,5,1
73,1,4,1,4,0,1,6,0,6,2,9,2,5,1,0,0,3,2,8,1,1,2,3,2,5,3,7,5,5,12
348,4,0,1,4,0,4,0,3,1,2,6,2,5,1,0,0,3,7,8,1,1,2,3,2,5,3,7,5,5,9
360,4,0,1,4,0,4,0,3,1,2,2,1,5,1,0,0,3,2,8,2,1,2,2,1,1,2,7,5,5,3
360,4,0,1,4,2,2,9,3,0,2,14,4,5,1,0,0,3,2,2,2,1,9,3,2,5,3,7,5,5,3
739,0,1,1,4,0,1,3,3,3,3,0,7,3,1,0,0,0,2,8,1,2,2,0,1,0,2,2,2,5,5
739,0,1,1,1,0,4,17,3,3,3,7,2,7,1,0,0,0,2,6,1,2,4,0,1,1,2,3,2,5,11
106,1,2,1,4,0,1,0,3,6,2,7,4,7,1,0,0,3,2,2,2,1,2,3,2,5,3,7,5,5,12
106,1,2,1,4,0,2,11,3,6,2,2,4,5,1,0,0,3,2,8,2,1,2,2,0,0,2,4,2,5,3
633,3,1,1,2,0,3,8,0,0,2,9,4,5,1,0,0,0,2,8,2,2,2,0,1,1,1,2,2,5,9
633,3,1,1,2,0,3,5,3,5,2,7,4,5,1,0,0,0,2,8,2,2,2,1,0,4,2,0,2,5,3