Time,Day_of_week,Age_band_of_driver,Sex_of_driver,Educational_level,Vehicle_driver_relation,Driving_experience,Type_of_vehicle,Owner_of_vehicle,Service_year_of_vehicle,Defect_of_vehicle,Area_accident_occured,Lanes_or_Medians,Road_allignment,Types_of_Junction,Road_surface_type,Road_surface_conditions,Light_conditions,Weather_conditions,Type_of_collision,Number_of_vehicles_involved,Number_of_casualties,Vehicle_movement,Casualty_class,Sex_of_casualty,Age_band_of_casualty,Casualty_severity,Work_of_casuality,Fitness_of_casuality,Pedestrian_movement,Cause_of_accident
141,2,2,1,4,0,0,5,3,6,3,7,7,5,0,0,2,3,6,8,3,2,13,3,2,5,3,0,2,5,9
141,2,0,1,4,0,0,14,3,6,3,6,4,5,0,0,2,3,6,8,3,2,2,0,0,0,2,0,2,5,11
141,2,0,1,2,0,1,5,4,6,3,7,4,5,0,0,2,3,6,8,3,2,2,0,1,3,2,0,2,5,0
958,0,1,1,2,2,3,0,3,5,3,6,4,5,1,0,3,3,6,2,2,1,7,3,2,5,3,2,2,5,0
958,0,1,1,1,0,1,0,3,5,3,6,1,5,1,0,3,3,6,8,2,1,7,2,1,1,2,0,2,5,7
587,3,0,1,4,0,3,8,3,5,3,6,4,5,1,0,0,2,6,2,2,2,7,3,2,5,3,7,5,5,10
587,3,1,1,2,0,1,15,3,5,2,7,4,5,1,0,0,2,6,2,2,2,2,0,0,0,2,0,2,5,1
646,3,2,1,4,1,5,17,0,5,3,7,0,5,1,0,3,0,2,1,2,6,2,3,2,5,3,0,2,5,1
646,3,2,1,4,0,0,0,3,5,2,6,3,5,1,0,3,0,2,8,2,6,2,0,1,0,2,5,2,5,9
646,3,2,1,4,2,2,17,3,5,3,9,7,5,1,0,3,0,2,2,2,6,2,1,1,0,2,0,2,5,2
646,3,2,1,4,0,0,3,0,1,3,1,4,5,1,0,3,0,2,8,2,6,3,0,1,1,2,0,2,5,0
646,3,2,1,4,0,3,9,3,0,2,7,7,5,1,2,3,0,2,8,2,6,2,0,1,4,2,0,2,5,1
646,3,1,1,4,0,0,8,3,3,2,9,7,5,1,0,3,0,2,8,2,6,3,3,2,5,3,0,2,5,10
248,6,2,1,4,0,0,17,3,5,2,7,7,5,0,0,2,3,2,8,4,2,3,0,0,0,1,1,2,5,1
248,6,0,1,4,0,1,7,3,5,3,7,7,5,0,0,2,3,2,8,4,2,2,3,2,5,3,0,2,5,1
248,6,4,0,2,0,0,5,3,2,3,7,1,5,0,0,2,3,2,8,4,2,4,0,1,1,2,3,2,5,10
248,6,4,0,4,0,0,0,3,5,2,7,2,5,0,0,2,3,2,2,4,2,2,3,2,5,3,0,2,5,1
237,3,3,1,1,0,3,8,3,1,2,7,7,5,1,0,3,3,6,8,2,1,4,3,2,5,3,0,2,5,3
237,3,0,1,4,0,3,5,3,5,2,12,4,5,1,0,3,3,6,2,2,1,2,0,0,1,2,7,5,5,3
952,0,0,1,1,0,3,5,3,6,2,6,2,5,7,3,0,0,2,8,2,1,7,2,1,3,2,0,2,6,1
952,0,0,1,4,0,3,3,3,5,2,6,2,5,7,0,0,0,2,8,2,1,13,0,1,0,2,7,5,5,17
339,4,1,1,4,0,0,11,3,2,2,6,2,5,1,0,0,3,2,8,1,1,2,3,2,5,3,7,5,5,1
619,0,2,1,4,0,2,11,3,5,2,12,6,5,7,0,3,0,0,2,2,2,2,0,1,4,2,7,2,5,9
619,0,1,1,2,2,1,0,0,6,2,12,4,5,7,4,3,0,0,2,2,2,2,2,0,4,2,0,2,2,10
619,0,1,1,4,0,1,0,3,6,2,6,2,5,7,0,3,0,0,8,2,2,2,0,1,1,2,0,2,5,17
464,4,2,1,4,0,2,0,3,6,2,6,2,5,7,0,2,0,3,8,2,3,2,3,2,5,3,0,2,5,3
464,4,2,1,4,0,2,7,0,3,2,12,2,5,7,0,2,0,3,8,2,3,2,3,2,5,3,0,2,5,1
464,4,1,1,4,0,1,9,3,0,2,14,2,5,7,0,2,0,3,8,2,3,4,0,1,0,2,0,2,5,2
270,0,0,1,2,0,3,0,3,3,2,7,2,5,7,0,0,3,2,8,1,1,2,3,2,5,3,0,2,5,0
152,3,1,1,1,0,2,14,3,4,2,7,4,5,7,0,0,3,2,8,2,1,2,0,1,4,2,1,2,5,3
152,3,0,1,4,0,3,0,3,3,2,7,2,5,7,0,0,3,2,8,2,1,2,2,1,0,2,7,2,7,10
948,5,0,1,6,0,1,0,3,5,2,9,4,5,7,0,3,0,2,2,1,1,2,3,2,5,3,0,2,5,9
369,6,1,1,4,0,1,0,0,0,2,7,4,5,7,0,3,0,4,2,1,1,7,0,0,1,2,7,5,5,11
999,6,1,1,2,0,1,17,3,0,2,7,4,5,7,0,3,3,8,2,2,1,2,1,0,1,2,3,2,5,9
999,6,0,1,4,0,0,17,3,6,2,4,4,5,7,0,3,3,8,8,2,1,2,1,0,3,2,7,5,5,1
1004,6,0,1,2,0,2,8,3,6,2,1,4,5,7,0,0,3,2,8,1,1,4,1,0,0,2,3,2,5,10
525,5,0,1,1,0,1,16,3,3,2,2,2,5,7,0,0,0,2,8,1,1,2,1,0,1,2,7,5,5,6
181,0,1,1,4,0,0,8,3,6,3,6,2,5,7,0,0,3,2,8,2,1,2,2,0,0,2,3,2,1,1
181,0,1,1,1,0,0,7,3,6,3,7,2,5,7,3,0,3,2,1,2,1,2,3,2,5,3,7,5,5,3
948,6,0,1,2,0,5,14,3,6,3,6,4,5,7,0,0,3,2,1,2,1,9,0,1,1,2,7,5,5,4
948,6,1,1,4,2,2,8,3,6,3,6,2,5,7,0,0,3,2,8,2,1,2,0,1,1,2,3,2,5,1
880,3,4,0,4,0,0,5,3,6,3,7,2,5,0,0,0,0,2,8,2,1,2,3,2,5,3,1,2,5,1
880,3,0,1,4,0,1,5,3,3,3,9,4,5,0,4,0,0,2,8,2,1,7,2,0,3,2,2,2,5,3
309,2,1,1,4,0,2,0,3,3,3,6,7,7,7,0,0,3,2,8,1,1,4,2,0,0,2,1,2,2,0
478,6,1,1,7,4,6,0,3,3,2,9,7,5,0,4,0,2,2,8,1,1,2,0,1,1,2,7,5,5,12
687,4,0,1,7,4,6,8,4,6,3,12,2,5,7,0,3,0,2,8,2,2,2,3,2,5,3,1,2,5,3
687,4,0,1,4,0,1,8,3,3,2,6,2,2,7,0,3,0,2,8,2,2,3,3,2,5,3,7,5,5,1
687,4,0,1,4,0,3,5,3,2,2,7,7,5,7,0,3,0,2,8,2,2,7,0,1,0,2,1,2,5,3
413,0,1,1,4,2,3,9,3,3,2,7,4,5,1,0,0,3,2,8,3,3,2,1,1,1,2,1,2,5,5
413,0,1,1,7,4,6,7,3,3,2,2,7,5,1,0,0,3,2,8,3,3,2,1,0,0,2,1,2,5,10
413,0,1,1,1,2,3,14,3,6,2,6,2,5,1,0,0,3,2,2,3,3,3,0,1,0,2,0,2,5,0
413,0,4,0,4,0,3,0,3,6,2,7,2,5,1,0,0,3,2,6,3,3,2,2,1,3,1,0,2,6,12
413,0,4,0,1,2,1,0,3,6,2,6,2,6,1,0,0,3,2,8,3,3,2,3,2,5,3,4,2,5,9
632,1,0,1,4,0,2,5,3,6,2,6,2,5,1,0,0,2,2,8,2,2,2,0,1,0,2,0,2,5,9
632,1,0,1,4,0,4,14,3,3,2,6,2,2,1,0,0,2,2,8,2,2,2,3,2,5,3,3,2,5,10
632,1,0,1,4,0,2,5,3,3,2,2,4,2,1,0,0,2,2,8,2,2,2,0,1,4,2,7,5,5,1
334,5,1,1,2,0,3,11,3,3,2,6,4,1,7,0,0,3,2,8,1,1,2,3,2,5,3,7,5,5,1
634,4,1,1,4,0,2,0,3,2,2,7,0,1,1,0,3,0,2,2,2,1,13,0,1,0,2,0,2,5,9
634,4,1,1,1,0,0,0,3,6,3,7,2,5,1,0,3,0,2,2,2,1,2,3,2,5,3,0,2,5,3
202,3,1,1,4,0,6,0,3,2,2,2,5,7,0,0,3,3,4,8,2,2,7,1,1,0,2,0,2,5,5
202,3,1,1,0,0,0,17,3,0,3,12,4,5,0,0,3,3,4,2,2,2,2,3,2,5,3,0,2,5,10
202,3,1,1,4,0,3,5,4,6,3,2,2,5,0,0,3,3,4,8,2,2,2,0,1,1,2,7,5,5,10
388,5,1,1,4,0,0,5,3,3,3,6,4,5,0,0,0,3,2,8,2,1,2,3,2,5,3,0,2,5,12
388,5,1,1,4,0,2,0,3,1,2,7,7,5,0,0,0,3,2,8,2,1,2,0,1,0,2,3,2,5,4
324,1,1,1,4,0,1,14,3,3,3,2,2,4,1,0,0,3,2,8,1,1,2,0,1,4,2,3,2,5,12
458,6,0,1,7,4,6,9,0,0,2,7,0,5,1,0,0,3,2,8,1,1,2,3,2,5,3,3,2,5,12
508,5,0,1,4,0,1,9,0,3,3,7,0,5,1,2,0,0,2,8,3,3,4,0,0,1,2,0,2,5,12
508,5,0,1,4,0,1,0,1,2,2,6,2,1,1,0,0,0,2,1,3,3,3,1,1,0,2,2,2,5,10
508,5,1,1,4,0,3,9,1,3,2,7,2,5,1,0,0,0,2,8,3,3,4,3,2,5,3,7,5,5,9
508,5,2,1,4,0,0,9,3,1,2,7,2,5,1,0,0,0,2,2,3,3,2,3,2,5,3,3,2,5,1
511,2,1,1,0,2,0,5,0,6,2,9,2,5,1,0,0,0,2,8,2,1,2,0,1,0,2,2,2,5,3
511,2,1,1,0,0,5,0,3,1,2,6,2,5,1,0,0,0,2,2,2,1,2,0,1,1,1,7,5,5,0
149,0,0,1,4,0,0,5,3,1,2,2,1,5,7,0,0,3,2,8,2,1,4,3,2,5,3,7,5,5,10
149,0,0,1,4,0,2,17,3,0,2,14,4,5,7,0,0,3,2,8,2,1,2,0,1,1,2,0,2,5,1
315,1,0,1,4,0,3,0,3,3,3,0,7,3,7,0,0,3,7,1,3,4,13,3,2,5,3,7,5,5,5
315,1,0,1,4,0,3,14,3,3,3,7,2,7,7,0,0,3,7,8,3,4,2,3,2,5,3,0,2,5,10
315,1,2,1,4,2,2,17,3,6,2,7,4,7,7,0,0,3,7,8,3,4,2,0,1,2,2,0,2,5,17
315,1,2,1,1,0,1,17,3,6,2,2,4,5,7,3,0,3,7,8,3,4,2,0,1,0,2,0,2,5,10
1018,4,0,1,4,0,1,0,0,0,2,9,4,5,0,0,0,3,2,8,1,1,2,3,2,5,3,0,2,5,1
409,6,1,1,4,0,4,14,3,5,2,7,4,5,1,2,0,3,2,1,1,1,3,0,1,0,2,3,2,5,12
537,2,0,1,4,0,1,0,3,5,2,7,2,5,0,0,3,0,2,8,2,1,3,3,2,5,3,3,2,5,1
537,2,0,1,4,0,1,7,3,5,2,7,0,5,0,0,3,0,2,8,2,1,2,1,0,3,2,0,2,5,0
977,1,0,1,1,0,2,7,3,6,2,1,2,5,7,0,3,3,1,8,2,1,2,2,0,3,2,0,2,6,10
977,1,1,1,4,0,3,0,3,5,2,1,1,5,7,2,3,3,1,8,2,1,9,0,1,4,2,7,5,5,11
466,2,0,1,7,4,6,5,3,6,2,7,2,5,7,0,0,3,2,2,2,1,2,0,0,1,2,0,2,5,3
466,2,1,1,4,0,1,5,1,0,2,6,2,5,7,0,0,3,2,8,2,1,2,1,0,3,2,0,2,5,10
663,5,0,1,4,0,2,5,3,1,2,9,2,5,7,0,3,0,8,8,1,1,2,3,2,5,3,0,2,5,3
251,2,1,1,0,0,1,0,3,1,2,7,2,5,7,0,0,3,2,8,2,1,2,0,1,0,2,7,2,5,3
251,2,0,1,7,4,6,0,4,0,3,9,4,3,7,0,0,3,2,8,2,1,2,3,2,5,3,7,5,5,9
293,0,2,1,7,0,0,10,3,6,2,2,0,5,3,0,0,3,2,2,1,1,2,3,2,5,3,0,2,5,16
385,5,2,1,4,0,1,10,3,1,3,7,1,5,7,0,0,3,2,8,2,1,2,0,1,1,2,0,2,5,12
385,5,2,1,4,0,3,5,3,2,2,6,2,7,7,0,0,3,2,8,2,1,2,3,2,5,3,3,2,5,12
245,2,1,1,4,0,4,5,3,1,3,7,4,5,7,0,0,3,2,8,2,2,13,0,1,1,2,0,2,5,0
245,2,1,1,4,0,1,9,3,5,3,1,2,3,7,0,0,3,2,8,2,2,4,3,2,5,3,0,2,5,12
245,2,0,1,4,0,4,7,3,6,2,7,4,5,7,0,0,3,2,8,2,2,1,0,1,4,2,0,2,5,10
335,1,1,1,2,0,2,5,3,0,2,6,2,5,7,0,0,3,0,8,2,1,2,0,1,0,2,7,5,5,9
335,1,2,1,0,0,0,0,0,6,2,9,4,5,7,0,0,3,0,8,2,1,2,3,2,5,3,0,2,5,1
165,4,0,1,4,0,4,7,3,5,2,6,1,5,1,0,3,3,2,8,1,1,2,0,1,1,2,0,2,5,10
521,6,0,1,7,4,6,6,3,6,2,6,2,5,1,0,3,0,4,8,2,1,4,3,2,5,3,3,2,5,16
521,6,1,1,2,0,4,0,3,5,2,2,0,5,1,0,3,0,4,8,2,1,2,0,1,0,2,7,2,5,10
547,5,1,1,2,0,4,0,3,6,2,2,4,5,1,0,0,0,2,8,1,1,3,3,2,5,3,7,5,5,0
443,0,1,1,7,4,6,5,3,6,2,9,4,5,1,0,0,3,2,2,2,1,4,0,1,1,2,0,2,5,5
443,0,1,1,2,0,1,0,3,6,2,7,4,5,1,0,0,3,2,2,2,1,2,3,2,5,3,0,2,5,10
183,0,1,1,4,0,3,11,3,5,3,7,7,5,7,0,3,3,2,2,1,1,2,1,0,1,2,0,2,5,10
925,0,0,1,4,0,3,5,3,6,2,14,4,5,7,2,0,3,2,1,2,1,2,0,1,0,2,7,5,5,1
925,0,0,1,4,0,2,11,3,1,3,9,4,5,7,0,0,3,2,8,2,1,13,3,2,5,3,0,2,5,0
428,0,0,1,4,0,0,5,3,5,3,6,4,5,1,0,3,3,2,8,3,1,2,0,1,0,1,3,2,5,9
428,0,1,1,5,0,4,5,3,5,3,9,4,5,1,4,3,3,2,1,3,1,2,3,2,5,3,3,2,5,10
428,0,0,1,4,0,4,5,3,5,2,7,2,5,1,0,3,3,2,8,3,1,2,3,2,5,3,7,5,5,10
1028,0,1,1,2,0,1,9,3,6,2,7,2,5,7,0,3,3,4,8,2,1,2,0,0,1,2,7,2,5,3
1028,0,0,1,4,2,0,9,3,6,2,1,2,5,7,0,3,3,4,8,2,1,2,3,2,5,3,0,2,5,9
374,6,1,1,4,0,2,14,3,2,3,2,1,5,1,0,0,3,2,8,1,1,2,0,1,4,2,0,2,5,10
476,3,4,0,1,0,1,5,3,6,3,12,2,5,0,0,0,0,2,8,1,1,2,3,2,5,3,7,5,5,1
246,3,2,1,1,2,2,0,3,1,3,6,4,5,7,0,0,3,2,8,3,3,2,0,1,0,2,0,2,5,3
246,3,0,1,4,0,3,8,3,0,3,7,6,5,7,0,0,3,2,2,3,3,2,2,0,0,2,3,2,1,4
246,3,0,1,4,0,2,0,3,2,3,9,4,5,7,0,0,3,2,1,3,3,2,0,1,1,2,3,2,5,1
246,3,0,1,2,0,2,10,3,3,3,7,4,5,7,0,0,3,2,8,3,3,2,3,2,5,3,3,2,5,3
555,3,4,0,4,0,2,11,3,0,2,7,7,3,1,0,0,0,2,8,2,2,13,3,2,5,3,7,5,5,1
555,3,1,1,4,0,3,14,3,1,3,6,1,3,1,0,0,0,2,2,2,2,2,0,1,0,2,3,2,5,12
555,3,1,1,4,4,0,17,3,6,2,9,2,5,1,0,0,0,2,8,2,2,2,3,2,5,3,3,2,5,1
139,2,1,1,4,0,1,5,3,6,2,7,2,5,1,0,0,3,2,8,1,1,2,0,0,3,2,0,1,5,18
188,3,1,1,4,0,0,14,1,1,3,9,4,5,0,0,0,3,2,8,3,2,2,3,2,5,3,0,2,5,12
188,3,0,1,7,4,6,5,3,6,2,2,2,5,0,0,0,3,2,8,3,2,9,0,1,1,2,3,2,5,2
188,3,0,1,1,0,2,9,0,6,2,9,2,5,0,0,0,3,2,8,3,2,3,2,0,2,2,3,2,1,10
655,0,0,1,4,0,2,5,3,6,2,6,1,5,7,0,0,0,2,8,2,1,2,0,1,0,2,0,2,5,10
655,0,1,1,4,0,3,7,0,4,2,9,2,5,7,0,0,0,2,8,2,1,2,3,2,5,3,0,2,5,3
179,5,3,1,4,0,1,14,3,5,2,7,1,5,0,0,3,3,3,8,2,1,3,3,2,5,3,7,5,5,3
179,5,0,1,4,2,3,0,3,5,3,4,2,5,0,0,3,3,3,2,2,1,2,0,0,0,2,0,2,5,9
1014,4,1,1,4,0,1,11,3,5,3,2,2,5,7,3,0,3,2,2,2,1,3,3,2,5,3,0,2,5,10
1014,4,0,1,1,1,2,7,3,1,2,9,4,3,7,0,0,3,2,2,2,1,2,0,1,0,2,4,2,5,1
975,5,0,1,1,0,2,5,4,6,3,14,2,5,7,0,0,3,2,8,1,1,2,3,2,5,3,1,2,5,16
337,5,1,1,4,4,2,0,4,6,3,14,2,5,7,0,0,3,2,1,2,1,2,0,1,1,2,0,2,5,10
337,5,1,1,4,0,2,11,3,0,2,6,4,5,7,0,0,3,2,8,2,1,4,0,1,1,2,2,2,5,16
496,3,0,1,1,0,3,17,3,3,2,5,2,7,0,0,0,3,2,1,2,1,4,3,2,5,3,7,2,5,9
496,3,2,1,4,4,4,0,3,3,2,2,2,3,0,0,0,3,2,8,2,1,2,3,2,5,3,7,5,5,10
1069,1,2,1,4,0,2,8,3,6,2,6,7,7,1,0,3,3,2,1,2,1,7,0,1,0,2,7,5,5,10
1069,1,2,1,1,0,0,9,3,3,3,2,2,3,1,0,3,3,2,8,2,1,2,0,1,0,2,1,5,5,12
633,6,1,1,7,4,6,5,4,6,3,6,7,7,0,0,0,0,2,8,1,1,2,3,2,5,3,0,5,5,12
1028,1,1,1,4,0,3,5,0,6,2,6,4,5,7,0,0,3,2,8,3,1,2,2,1,0,2,0,5,6,0
1028,1,1,1,2,2,1,5,3,0,2,12,2,5,7,0,0,3,2,8,3,1,2,3,2,5,3,0,5,5,10
1028,1,4,0,4,0,0,10,3,4,2,9,2,5,7,0,0,3,2,8,3,1,3,0,0,3,1,3,2,5,5
619,6,2,1,4,0,0,5,3,6,2,6,7,7,1,0,3,0,4,8,1,1,2,0,1,0,1,0,2,5,0
114,5,0,1,0,2,1,5,3,5,2,11,7,5,0,0,3,3,2,8,4,6,2,3,2,5,3,2,2,5,1
114,5,0,1,7,4,6,6,3,5,2,7,2,5,0,0,3,3,2,8,4,6,2,2,1,0,2,7,5,5,4
114,5,3,1,1,2,1,5,3,5,2,9,4,5,0,0,3,3,2,8,4,6,2,3,2,5,3,0,2,5,2
114,5,3,1,4,0,0,12,3,5,2,6,4,5,0,0,3,3,2,8,4,6,2,0,1,2,1,3,2,5,16
114,5,3,1,7,2,2,0,3,5,2,6,4,5,0,3,3,3,2,8,4,6,3,2,1,2,2,3,2,5,1
114,5,1,1,4,0,4,5,3,5,2,9,4,5,0,0,3,3,2,8,4,6,2,3,2,5,3,3,2,5,1
114,5,0,1,4,0,1,8,3,5,2,6,4,5,0,3,3,3,2,6,4,6,2,0,1,1,2,7,4,5,9
251,2,1,1,4,0,2,11,3,5,2,6,4,5,7,0,0,3,2,2,2,1,3,2,0,0,1,0,0,0,9
251,2,0,1,4,0,3,14,3,5,2,6,6,5,7,0,0,3,2,8,2,1,3,3,2,5,3,0,2,5,0
666,0,2,1,1,0,1,0,3,5,2,6,2,5,0,0,0,0,2,8,3,5,2,0,1,0,2,3,2,5,9
666,0,2,1,1,2,3,9,3,5,2,7,4,5,0,0,0,0,2,8,3,5,9,3,2,5,3,0,2,5,10
666,0,2,1,4,0,0,0,3,5,2,7,2,5,0,0,0,0,2,1,3,5,9,0,0,0,2,0,2,5,9
666,0,2,1,4,0,2,0,3,1,3,7,2,5,0,0,0,0,2,1,3,5,2,3,2,5,3,0,2,5,1
666,0,2,1,4,0,1,0,3,1,3,9,1,5,0,0,0,0,2,8,3,5,2,0,1,1,2,0,2,5,0
666,0,0,0,4,0,1,5,3,1,3,12,4,6,0,0,0,0,2,8,3,5,2,3,2,5,3,0,2,5,12
542,0,0,1,4,0,1,0,3,1,3,9,4,6,7,0,0,0,2,1,2,2,2,2,0,1,2,0,2,6,10
542,0,0,1,4,0,1,0,3,1,2,6,2,5,7,0,0,0,2,1,2,2,2,0,1,0,2,7,2,5,12
764,2,2,1,4,0,3,9,3,6,2,2,1,5,0,0,0,0,2,1,1,1,2,3,2,5,3,1,2,5,5
511,4,1,1,4,0,3,15,3,6,2,7,4,5,1,0,0,0,2,8,1,1,1,2,0,0,2,7,5,0,1
235,1,2,1,1,0,2,0,3,1,2,7,1,5,7,0,0,3,2,2,2,1,3,1,0,3,1,0,2,5,10
235,1,0,1,4,0,3,9,3,2,2,7,2,5,7,0,0,3,2,8,2,1,4,0,1,0,2,3,2,5,10
1004,3,1,1,1,2,1,14,3,6,2,7,2,5,1,0,3,3,2,8,2,1,2,3,2,5,3,3,2,5,0
1004,3,4,0,4,0,2,14,3,6,2,6,4,5,1,0,3,3,2,2,2,1,2,0,0,4,2,7,5,5,1
992,1,3,1,4,0,4,0,3,6,2,6,3,5,7,0,0,3,2,8,2,1,2,3,2,5,3,3,2,5,1
992,1,0,1,4,0,2,5,3,5,2,9,4,5,7,0,0,3,2,8,2,1,2,0,1,0,1,7,5,5,5
195,2,0,1,2,0,3,0,3,5,2,6,1,5,7,0,0,3,2,8,2,1,2,3,2,5,3,3,2,5,9
195,2,1,1,4,0,2,9,3,5,2,9,2,5,7,0,0,3,2,8,2,1,2,2,0,3,2,0,2,5,0
393,2,0,1,1,0,0,0,3,5,2,6,4,5,1,0,0,3,2,1,2,1,2,2,1,2,1,3,2,5,11
393,2,3,1,4,0,6,0,3,5,2,7,2,5,1,0,0,3,2,6,2,1,2,3,2,5,3,3,2,5,10
72,6,2,1,0,0,0,5,3,5,2,6,1,5,1,0,3,3,4,8,1,1,2,0,1,0,2,3,2,5,10
190,1,0,1,4,0,3,0,3,5,2,12,4,5,7,0,0,3,2,8,3,1,2,3,2,5,3,0,2,5,0
190,1,0,0,4,0,0,6,3,6,3,9,1,5,7,0,0,3,2,8,3,1,2,0,1,0,2,1,2,5,1
190,1,0,1,4,0,2,17,3,6,3,6,4,5,7,0,0,3,2,2,3,1,2,3,2,5,3,7,2,5,3
326,3,1,1,4,0,1,0,3,5,2,9,4,5,1,0,0,3,2,8,2,3,3,0,0,0,2,7,5,5,10
326,3,2,1,7,4,6,0,3,3,3,6,4,5,1,0,0,3,2,6,2,3,2,3,2,5,3,7,5,5,0
326,3,2,1,4,0,1,0,3,3,3,9,1,5,1,0,0,3,2,2,2,3,3,0,0,0,2,7,5,5,9
295,3,1,1,4,0,1,11,3,5,2,7,7,5,1,0,0,3,2,8,1,1,3,0,0,0,2,3,2,5,10
440,5,2,1,4,0,3,17,2,5,3,7,2,5,3,0,0,3,2,8,2,1,2,3,2,5,3,0,2,5,11
440,5,3,1,4,0,0,0,3,2,3,6,2,5,3,0,0,3,2,8,2,1,2,0,1,0,2,7,5,5,0
89,5,1,1,0,2,0,0,3,3,2,6,2,5,0,0,0,3,2,8,2,1,2,0,0,2,2,7,5,5,10
89,5,2,1,0,0,5,7,3,1,2,9,2,5,0,0,0,3,2,8,2,1,2,3,2,5,3,0,2,5,3
306,1,1,1,4,0,0,14,3,6,2,7,2,5,0,0,0,3,2,8,3,2,2,3,2,5,3,0,2,5,12
306,1,2,1,4,0,2,5,0,6,2,7,4,5,0,0,0,3,2,1,3,2,2,0,0,4,2,3,2,5,1
306,1,4,0,4,0,3,15,3,6,2,6,2,5,0,0,0,3,2,8,3,2,13,3,2,5,3,0,2,5,9
204,2,0,1,4,0,3,7,3,6,2,6,2,5,7,0,3,3,2,8,2,3,4,0,1,2,2,0,2,5,12
204,2,0,1,4,2,2,9,3,5,2,2,4,5,7,0,3,3,2,2,2,3,2,3,2,5,3,3,2,5,11
204,2,4,0,1,0,1,0,0,5,2,7,1,5,7,0,3,3,2,8,2,3,13,3,2,5,3,3,2,5,0
977,6,4,0,4,0,1,0,3,5,2,6,4,5,1,0,0,3,2,8,2,1,5,0,1,1,2,0,2,5,0
977,6,0,1,4,0,4,10,3,0,3,6,2,5,1,0,0,3,2,8,2,1,7,3,2,5,3,3,2,5,5
165,3,0,1,4,0,1,5,3,4,3,9,2,5,7,0,0,3,2,2,4,1,2,0,1,1,2,7,5,5,9
165,3,0,1,4,0,1,5,4,6,3,7,4,5,7,0,0,3,2,8,4,1,4,0,1,1,2,7,5,5,1
165,3,4,0,1,0,2,4,3,2,3,9,2,5,7,0,0,3,2,8,4,1,3,0,0,1,2,7,5,5,1
165,3,4,0,4,0,3,6,0,6,3,6,2,5,7,0,0,3,2,8,4,1,2,3,2,5,3,3,2,5,10
620,3,0,1,7,4,6,5,3,2,3,6,4,5,7,0,0,3,2,8,2,1,4,0,1,3,2,0,2,5,9
620,3,1,1,4,0,1,14,3,3,3,7,4,5,7,0,0,3,2,8,2,1,3,3,2,5,3,1,2,5,10
525,4,1,1,4,0,2,0,3,0,2,7,7,3,7,0,0,3,2,8,1,1,2,3,2,5,3,0,2,5,3
656,4,1,1,0,0,1,7,3,1,3,6,1,3,0,0,0,3,2,8,4,2,2,1,0,1,2,0,2,5,11
656,4,0,1,7,4,6,7,3,6,2,9,2,5,0,0,0,3,2,2,4,2,3,0,1,1,2,0,2,5,12
656,4,1,1,7,0,0,15,3,6,2,7,2,5,0,0,0,3,2,8,4,2,2,3,2,5,3,0,2,5,9
656,4,1,1,4,0,1,0,1,1,3,9,4,5,0,0,0,3,2,8,4,2,1,0,1,0,1,0,2,5,1
42,6,1,1,4,0,3,3,3,6,2,2,2,5,1,0,3,3,4,8,3,1,2,3,2,5,3,0,2,5,10
42,6,1,1,4,0,4,3,0,6,2,9,2,5,1,0,3,3,4,8,3,1,2,3,2,5,3,1,2,5,3
42,6,1,1,4,0,1,5,3,6,2,6,1,5,1,0,3,3,4,8,3,1,3,0,1,0,2,0,2,5,0
646,6,0,1,4,0,4,5,0,4,2,9,2,5,0,0,0,3,2,8,2,2,2,0,1,0,2,1,2,5,9
646,6,0,1,2,0,2,4,3,5,2,7,1,5,0,0,0,3,2,8,2,2,2,2,1,1,2,3,2,5,10
646,6,0,1,0,0,0,0,3,5,3,4,2,5,0,0,0,3,2,2,2,2,2,3,2,5,3,0,2,5,1
102,0,2,1,4,0,4,15,3,5,3,2,2,5,7,0,0,3,2,6,2,2,2,0,1,1,1,0,2,5,12
102,0,1,1,7,4,6,7,3,1,2,9,4,3,7,0,0,3,2,8,2,2,2,0,1,0,2,3,2,5,7
102,0,1,1,2,0,4,0,4,6,3,14,2,5,7,0,0,3,2,8,2,2,3,3,2,5,3,3,2,5,10
394,4,1,1,2,0,4,0,4,6,3,14,2,5,7,0,0,3,2,8,2,1,2,0,0,0,2,0,2,5,10
394,4,0,1,7,4,6,0,3,0,2,6,4,5,7,0,0,3,2,8,2,1,2,3,2,5,3,0,2,5,0
221,1,1,1,2,0,1,0,3,3,2,5,2,7,7,0,0,3,2,8,2,1,3,3,2,5,3,3,2,5,12
221,1,0,1,4,0,3,11,3,3,2,2,2,3,7,0,0,3,2,8,2,1,3,0,1,1,2,3,2,5,3
563,0,1,1,4,0,3,4,3,6,2,6,7,7,3,0,0,3,2,8,2,1,2,1,1,1,2,0,2,5,1
563,0,1,1,4,0,2,5,3,3,3,2,2,3,3,0,0,3,2,8,2,1,2,1,0,2,2,0,2,5,10
772,2,3,1,4,0,0,5,4,6,3,6,7,7,7,0,0,0,2,2,2,3,2,0,1,4,2,0,2,5,1
772,2,3,1,5,0,4,14,0,6,2,6,4,5,7,0,0,0,2,8,2,3,2,3,2,5,3,0,2,5,10
772,2,3,1,4,0,4,7,3,0,2,12,2,5,7,0,0,0,2,8,2,3,2,2,1,1,2,7,5,6,5