Time,Day_of_week,Age_band_of_driver,Sex_of_driver,Educational_level,Vehicle_driver_relation,Driving_experience,Type_of_vehicle,Owner_of_vehicle,Service_year_of_vehicle,Defect_of_vehicle,Area_accident_occured,Lanes_or_Medians,Road_allignment,Types_of_Junction,Road_surface_type,Road_surface_conditions,Light_conditions,Weather_conditions,Type_of_collision,Number_of_vehicles_involved,Number_of_casualties,Vehicle_movement,Casualty_class,Sex_of_casualty,Age_band_of_casualty,Casualty_severity,Work_of_casuality,Fitness_of_casuality,Pedestrian_movement,Cause_of_accident
195,4,0,1,4,0,3,8,3,2,3,7,2,5,1,0,3,3,4,8,2,1,2,3,2,5,3,0,2,5,3
195,4,3,1,4,2,2,10,0,2,2,7,4,5,1,0,3,3,4,8,2,1,2,0,1,0,2,0,2,5,0
428,6,0,1,1,0,1,9,3,1,2,7,0,6,7,0,3,0,2,8,2,1,2,0,1,0,2,0,2,5,12
428,6,1,1,4,0,1,5,3,6,2,7,2,5,7,0,3,0,2,6,2,1,2,3,2,5,3,0,2,5,1
669,2,0,1,4,0,4,8,3,1,3,2,2,5,7,0,3,0,4,8,1,1,2,0,1,0,1,3,2,5,10
372,6,3,1,4,0,1,5,3,2,3,7,4,5,0,0,3,0,0,8,2,1,2,3,2,5,3,0,2,5,9
372,6,1,1,4,0,1,8,1,1,3,4,2,5,0,0,3,0,0,2,2,1,2,0,1,1,2,0,2,5,9
438,5,0,1,1,0,2,3,3,6,2,9,0,5,7,0,0,0,2,8,2,1,2,2,0,0,2,7,5,5,10
438,5,0,1,4,0,3,17,0,3,2,7,2,5,7,0,0,0,2,8,2,1,2,3,2,5,3,3,2,5,10
712,2,1,1,7,4,6,7,3,6,2,6,2,5,1,0,3,0,8,8,1,1,4,0,0,0,2,0,2,5,10
965,1,0,1,4,0,1,17,3,6,2,4,5,5,1,0,3,3,4,2,2,1,2,1,0,1,2,0,2,5,11
965,1,0,1,4,0,2,10,3,0,2,4,0,5,1,0,3,3,4,2,2,1,3,0,0,0,2,0,2,5,3
633,3,1,1,0,0,1,13,3,6,2,7,2,5,7,0,0,0,2,8,2,1,4,1,0,0,2,2,2,5,1
633,3,4,0,7,4,6,5,1,3,3,3,2,5,7,0,0,0,2,8,2,1,2,1,0,0,2,1,2,5,0
619,2,2,1,7,0,0,5,3,5,3,6,1,5,0,0,3,0,3,2,1,1,2,3,2,5,3,0,2,5,3
516,4,0,1,4,0,1,11,3,1,2,2,4,5,1,0,3,0,8,2,1,1,2,0,1,0,2,3,2,5,3
389,6,1,1,4,0,3,0,1,2,2,3,4,7,5,0,3,0,4,8,1,1,2,3,2,5,3,0,2,5,10
521,5,0,1,4,0,4,0,3,3,2,6,7,5,2,0,3,0,4,8,2,1,2,3,2,5,3,7,5,5,13
521,5,0,1,4,0,1,0,3,1,2,7,2,0,2,0,3,0,4,8,2,1,2,0,1,1,2,0,2,5,1
322,1,0,1,4,0,4,11,3,0,3,6,4,5,1,0,3,3,0,2,1,1,2,2,1,1,2,0,2,0,1
511,6,3,1,2,0,2,4,3,1,3,6,2,7,1,0,3,0,4,8,2,2,2,0,1,0,2,3,2,5,10
511,6,0,1,0,0,0,8,3,6,2,7,0,3,1,0,3,0,4,8,2,2,2,3,2,5,3,3,2,5,10
655,5,1,1,4,0,4,4,3,0,2,6,4,6,7,0,3,0,2,8,1,2,4,3,2,5,3,0,2,5,17
655,5,1,1,7,4,6,8,3,6,2,9,4,5,7,0,3,0,2,6,1,2,7,0,1,2,2,0,2,5,2
452,1,1,1,2,0,4,13,3,5,3,7,2,5,7,0,0,0,2,8,2,1,4,3,2,5,3,3,2,5,12
452,1,0,1,2,0,4,4,3,1,3,6,0,5,7,0,0,0,2,8,2,1,4,0,1,0,2,0,2,5,11
637,6,0,1,7,4,6,17,3,2,3,6,4,7,0,0,3,0,2,1,1,1,7,3,2,5,3,3,2,5,12
728,0,1,1,2,0,1,17,4,6,3,6,7,5,1,0,0,0,2,8,2,2,2,0,1,1,2,0,2,5,13
728,0,1,1,4,0,3,5,3,2,2,7,2,6,1,0,0,0,2,8,2,2,2,0,0,0,2,0,2,5,13
728,0,0,1,4,0,3,7,3,6,2,2,4,5,1,0,0,0,2,8,2,2,2,3,2,5,3,0,2,5,9
317,0,2,1,4,0,2,7,3,5,2,4,4,5,7,0,3,3,2,8,1,1,2,3,2,5,3,0,2,5,10
428,6,1,1,4,0,0,0,3,0,2,6,0,5,7,0,0,0,2,2,2,1,9,0,1,0,2,0,2,5,9
428,6,0,1,5,0,4,7,3,5,2,2,4,5,7,0,0,0,2,8,2,1,2,0,1,2,2,7,5,5,12
889,2,0,1,4,0,4,0,3,6,3,6,4,5,0,0,3,0,4,8,3,1,2,3,2,5,3,0,2,5,3
889,2,2,1,2,0,1,10,3,6,2,6,7,5,0,0,3,0,4,8,3,1,2,3,2,5,3,0,2,5,10
889,2,2,1,4,2,0,5,3,6,3,9,2,5,0,0,3,0,4,8,3,1,2,0,1,0,2,7,5,5,13
95,4,2,1,4,0,2,17,3,2,3,6,2,5,7,0,3,3,2,2,2,1,2,0,1,1,2,3,2,5,1
95,4,0,1,1,0,1,0,3,2,3,9,4,5,7,0,3,3,2,8,2,1,3,3,2,5,3,0,2,5,10
461,6,0,1,1,2,2,17,3,1,3,6,0,5,7,0,0,0,2,2,2,2,2,0,1,0,2,0,2,5,3
461,6,0,1,4,0,3,5,3,1,2,6,0,5,7,0,0,0,2,8,2,2,2,2,1,1,2,3,2,0,10
461,6,0,1,4,0,2,17,4,6,2,7,2,5,7,0,0,0,2,6,2,2,9,0,0,0,2,0,2,5,12
418,0,1,1,2,0,2,5,3,5,2,7,2,5,7,0,0,0,2,8,1,1,2,3,2,5,3,1,2,5,1
44,1,0,1,4,0,2,15,3,3,2,9,2,5,0,0,3,3,4,8,2,2,2,0,0,1,1,0,2,5,11
44,1,2,1,4,0,3,5,3,5,3,2,2,5,0,0,3,3,4,8,2,2,2,3,2,5,3,0,2,5,12
73,1,1,1,4,4,0,5,0,5,2,2,0,5,7,0,3,3,4,8,2,1,2,0,1,1,2,7,5,5,0
73,1,1,1,4,0,1,7,3,1,2,9,0,5,7,0,3,3,4,8,2,1,2,1,0,0,2,0,2,5,18
516,0,0,1,4,0,0,14,3,6,2,6,2,6,7,0,3,0,4,1,1,1,2,3,2,5,3,0,2,5,4
471,2,0,1,7,4,6,14,3,2,2,6,2,6,7,2,3,0,4,6,2,2,3,3,2,5,3,0,2,5,3
471,2,0,1,1,0,2,5,3,1,3,9,2,5,7,0,3,0,4,8,2,2,2,2,1,3,2,0,2,5,4
473,2,2,1,4,0,2,5,3,2,3,2,7,5,0,0,3,2,4,6,1,1,2,0,0,1,2,7,5,5,3
463,6,0,1,4,0,3,7,3,6,3,7,2,5,7,0,3,0,4,8,1,1,2,0,1,0,2,0,2,5,11
574,1,0,1,4,0,1,0,3,6,3,6,2,5,7,0,0,0,2,8,2,2,2,3,2,5,3,1,2,5,3
574,1,1,1,4,2,3,17,3,6,3,7,2,5,7,0,0,0,2,8,2,2,3,0,1,0,2,7,5,5,1
672,4,1,1,4,0,1,15,3,6,3,7,2,5,1,0,3,0,4,4,1,2,2,3,2,5,3,0,2,5,9
672,4,1,1,1,1,2,5,3,6,3,14,6,5,1,0,3,0,4,8,1,2,4,0,1,1,2,7,5,5,3
200,1,2,1,1,0,2,7,0,1,3,9,2,9,7,0,0,3,2,2,2,1,4,1,0,3,2,0,2,5,1
200,1,2,1,4,4,2,0,3,4,3,2,4,5,7,0,0,3,2,8,2,1,2,2,0,0,2,0,2,4,3
837,4,1,1,4,0,2,11,4,6,3,7,4,5,7,0,3,0,2,8,1,1,2,2,1,1,2,3,2,1,3
244,0,1,1,1,0,3,14,3,5,3,7,1,5,7,0,0,3,2,8,2,1,2,1,1,3,2,0,2,5,3
244,0,2,1,4,4,4,0,3,5,2,9,2,5,7,0,0,3,2,1,2,1,2,3,2,5,3,1,2,5,1
446,4,1,1,4,0,2,5,3,5,3,6,1,5,3,0,0,0,2,8,1,1,4,0,1,1,2,0,2,5,1
182,3,2,1,1,0,0,7,3,5,2,4,2,5,0,0,0,3,2,8,2,1,2,3,2,5,3,7,5,5,3
182,3,1,1,4,0,3,10,0,6,2,9,0,5,0,0,0,3,2,8,2,1,1,0,1,0,2,0,2,5,16
235,5,0,1,1,2,1,7,3,6,2,6,5,5,1,0,0,3,2,6,2,1,2,2,1,1,2,3,2,2,1
235,5,1,1,4,0,2,7,3,1,3,7,6,5,1,0,0,3,2,2,2,1,2,0,1,0,1,7,5,5,10
164,5,1,1,4,0,4,12,3,5,3,2,7,5,0,0,0,3,2,8,3,3,2,2,0,0,2,3,2,1,13
164,5,0,1,4,0,2,5,3,3,3,4,6,5,0,0,0,3,2,8,3,3,2,3,2,5,3,3,2,5,1
164,5,1,1,2,0,3,5,3,5,2,1,1,5,0,0,0,3,2,2,3,3,2,0,0,4,2,7,5,5,1
164,5,1,1,4,0,2,8,3,5,2,0,4,5,0,0,0,3,2,8,3,3,2,0,0,1,2,0,2,5,16
991,6,0,1,1,0,0,4,3,5,2,7,2,5,7,0,0,3,2,8,3,1,3,0,0,3,2,0,2,5,13
991,6,0,1,4,0,6,0,3,5,3,7,2,5,7,0,0,3,2,8,3,1,2,3,2,5,3,2,2,5,4
991,6,2,1,0,0,0,0,3,5,2,4,2,9,7,0,0,3,2,6,3,1,4,0,1,3,2,3,2,5,16
145,0,2,1,4,0,3,4,0,1,3,7,2,5,7,0,3,3,8,6,3,1,2,2,0,1,2,3,2,1,12
145,0,2,1,4,0,0,6,0,6,3,6,7,5,7,0,3,3,8,1,3,1,2,0,1,0,2,0,2,5,9
145,0,1,1,4,0,2,5,3,5,3,14,7,5,7,0,3,3,8,8,3,1,2,3,2,5,3,1,2,5,13
186,4,1,1,4,0,1,14,3,6,3,6,2,5,0,0,0,3,2,8,2,1,2,2,1,4,2,7,5,5,12
186,4,1,1,7,4,6,0,3,6,3,6,4,5,0,0,0,3,2,8,2,1,13,3,2,5,3,0,2,5,11
99,3,3,1,4,0,1,7,1,5,3,7,7,5,0,0,3,3,2,1,3,4,3,0,1,4,2,0,2,5,1
99,3,0,1,4,0,1,7,0,1,3,7,7,5,0,0,3,3,2,1,3,4,13,3,2,5,3,0,2,5,1
99,3,1,1,4,0,3,15,3,5,2,7,4,5,0,0,3,3,2,8,3,4,2,0,0,0,2,3,2,5,1
99,3,1,1,4,0,0,0,3,3,3,7,7,5,0,0,3,3,2,8,3,4,2,3,2,5,3,7,2,5,4
64,1,2,1,0,2,0,3,4,6,3,9,4,5,1,0,3,3,2,8,1,1,13,0,1,4,2,2,2,5,0
728,4,1,1,0,0,5,3,3,1,2,2,4,5,0,0,0,2,0,2,2,1,2,0,1,0,2,0,2,5,9
728,4,1,1,4,0,0,5,3,1,3,6,0,5,0,0,0,2,0,8,2,1,2,3,2,5,3,0,2,5,2
445,0,2,1,4,0,2,5,3,1,3,2,7,5,3,0,3,0,2,2,2,2,2,3,2,5,3,0,2,5,9
445,0,1,1,4,0,3,4,3,1,3,7,2,5,3,0,3,0,2,8,2,2,2,0,1,4,2,7,5,5,10
149,5,2,1,4,0,3,0,3,6,3,14,7,5,7,0,3,3,2,8,2,1,2,2,1,4,2,0,2,0,13
149,5,1,1,4,2,2,15,3,0,3,12,7,3,7,0,3,3,2,2,2,1,2,3,2,5,3,0,2,5,12
967,5,2,1,1,0,1,7,3,2,3,6,2,6,7,0,0,3,2,8,3,3,2,0,1,1,2,7,5,5,1
967,5,0,1,4,0,1,0,3,4,3,7,7,3,7,0,0,3,2,8,3,3,4,0,0,0,2,0,2,5,13
967,5,1,1,4,0,4,0,3,5,3,6,4,5,7,0,0,3,2,2,3,3,2,3,2,5,3,0,2,5,10
418,5,0,1,4,0,1,0,3,6,3,7,4,5,1,0,3,0,2,2,1,1,2,0,0,0,2,3,2,5,3
463,6,4,0,4,0,1,0,3,1,3,7,2,5,0,0,0,0,2,8,1,1,2,3,2,5,3,0,2,5,10
1071,4,1,1,1,0,2,11,3,6,3,6,4,5,7,0,0,3,2,8,2,1,2,2,1,4,1,0,2,6,9
1071,4,2,1,4,0,3,4,3,6,2,7,0,5,7,0,0,3,2,8,2,1,2,0,0,1,2,0,2,5,10
476,0,1,1,7,4,6,5,3,6,3,2,7,5,7,0,0,0,2,8,2,1,2,3,2,5,3,0,2,5,9
476,0,4,0,4,0,1,5,3,6,2,6,2,5,7,0,0,0,2,8,2,1,3,0,1,0,2,0,2,5,11
535,5,0,1,4,0,2,14,3,3,2,6,2,5,7,0,3,0,3,8,2,3,2,3,2,5,3,0,2,5,0
535,5,1,1,0,0,1,7,3,1,3,7,4,7,7,0,3,0,3,8,2,3,2,2,1,4,1,0,2,5,10
535,5,1,1,7,4,6,0,3,1,3,9,4,5,7,0,3,0,3,8,2,3,2,0,1,1,2,7,5,5,13
535,5,1,1,7,0,0,8,3,5,2,9,4,5,7,0,3,0,3,8,2,3,2,0,1,0,2,0,2,5,10
200,0,1,1,4,0,1,6,3,2,1,14,2,5,3,0,0,3,2,8,2,2,2,2,1,3,1,7,5,0,11
200,0,0,1,4,0,3,0,3,5,1,7,7,5,3,0,0,3,2,8,2,2,2,2,1,0,2,0,2,5,9
990,6,2,1,4,0,4,8,3,5,2,6,6,3,1,0,3,3,4,8,1,1,2,0,1,2,1,2,2,5,11
242,5,3,1,4,0,1,6,0,5,2,12,0,5,1,0,3,3,2,8,1,1,2,3,2,5,3,3,2,5,10
369,1,1,1,4,0,4,14,3,5,2,7,2,3,5,0,3,1,2,8,2,2,2,0,1,0,1,0,2,5,11
369,1,1,1,2,0,2,5,3,2,2,7,2,8,5,0,3,1,2,8,2,2,2,3,2,5,3,7,5,5,3
1019,4,0,1,0,0,0,15,0,5,2,2,2,5,7,0,3,3,3,8,2,2,2,0,1,1,2,3,2,5,7
1019,4,2,1,4,0,4,0,4,6,3,6,6,6,7,0,3,3,3,8,2,2,2,0,1,1,2,7,5,5,3
1019,4,2,1,7,4,6,3,3,6,3,7,2,6,7,0,3,3,3,8,2,2,4,3,2,5,3,7,5,5,0
789,4,1,1,2,0,4,0,0,6,2,9,0,5,1,0,3,0,3,2,1,1,2,0,1,0,2,0,5,5,12
944,6,2,1,2,0,4,9,3,6,3,6,2,5,0,0,3,0,8,8,2,1,2,3,2,5,3,7,5,5,1
944,6,1,1,7,4,6,4,3,6,3,6,4,5,0,0,3,0,8,1,2,1,2,0,1,0,2,5,2,5,1
128,6,2,1,2,0,1,8,3,4,3,6,2,5,7,0,0,3,2,8,1,1,2,3,2,5,3,0,2,5,10
491,4,2,1,4,0,3,5,1,0,3,2,6,5,5,0,3,0,4,2,2,1,2,3,2,5,3,0,2,5,10
491,4,3,1,4,0,3,7,3,6,3,6,2,5,5,0,3,0,4,8,2,1,2,0,0,1,2,0,2,5,0
279,2,1,1,4,0,2,0,3,0,3,6,2,6,7,0,0,3,7,8,2,1,2,0,1,0,2,7,5,5,1
279,2,0,1,4,0,0,3,3,6,3,6,2,6,7,0,0,3,7,8,2,1,4,3,2,5,3,0,2,5,12
793,2,4,0,5,0,4,4,3,2,2,6,2,5,1,0,0,0,2,8,1,1,2,0,1,0,1,0,2,5,0
433,6,2,1,4,0,4,3,3,6,2,7,2,5,7,0,3,0,7,8,1,1,2,3,2,5,3,3,2,5,12
113,2,0,1,2,0,1,0,3,6,2,9,0,5,7,0,0,3,2,6,2,3,2,1,1,0,2,0,2,5,9
113,2,2,1,4,2,0,15,3,6,2,2,4,5,7,0,0,3,2,2,2,3,2,0,1,4,1,7,5,5,18
113,2,2,1,4,0,2,15,3,6,2,7,2,5,7,0,0,3,2,8,2,3,2,3,2,5,3,6,2,5,10
113,2,2,1,1,0,1,3,3,6,2,1,2,5,7,0,0,3,2,2,2,3,2,0,1,1,2,0,2,5,10
55,3,2,1,1,2,2,4,4,6,3,14,6,5,7,0,0,3,2,8,2,2,2,0,0,0,2,7,5,5,10
55,3,1,1,4,0,3,4,3,5,2,4,4,6,7,0,0,3,2,8,2,2,2,3,2,5,3,0,2,5,0
55,3,1,1,4,0,2,3,3,6,2,7,2,5,7,0,0,3,2,8,2,2,2,0,1,0,2,2,2,5,12
481,5,1,1,2,0,2,16,3,5,3,7,7,5,7,0,3,0,4,8,2,1,3,3,2,5,3,2,2,5,2
481,5,0,1,4,0,2,3,3,2,2,2,7,5,7,0,3,0,4,8,2,1,2,2,0,4,2,3,2,5,16
225,6,2,1,4,0,3,3,3,2,2,2,4,5,2,0,0,3,2,2,2,2,2,0,1,0,1,0,2,5,13
225,6,2,1,4,4,0,10,3,6,2,7,2,5,2,0,0,3,2,8,2,2,2,3,2,5,3,0,2,5,0
225,6,1,1,4,0,1,0,3,6,2,7,1,5,2,0,0,3,2,2,2,2,2,2,0,0,2,0,2,3,11
326,5,0,1,4,0,0,0,0,1,3,1,2,5,1,5,0,3,2,8,1,1,3,0,0,1,2,7,5,5,0
1065,4,2,1,7,4,6,8,3,1,3,7,4,5,7,0,0,3,2,8,1,1,2,3,2,5,3,7,5,5,10
132,1,4,0,1,0,2,17,3,2,3,6,4,5,7,0,0,3,2,8,3,1,4,3,2,5,3,0,2,5,9
132,1,0,1,4,0,2,14,3,2,2,2,2,5,7,0,0,3,2,8,3,1,4,0,1,0,2,2,2,5,0
132,1,0,1,4,0,3,17,3,1,3,6,2,5,7,0,0,3,2,8,3,1,2,3,2,5,3,0,2,5,13
68,6,3,1,4,0,1,0,4,6,2,6,4,7,1,0,3,3,2,8,2,2,2,0,1,0,2,7,5,5,10
68,6,3,1,4,2,3,0,3,1,2,7,4,5,1,0,3,3,2,8,2,2,2,0,1,0,2,0,2,5,9
68,6,1,1,4,0,1,3,0,6,3,9,2,5,1,0,3,3,2,8,2,2,2,3,2,5,3,0,2,5,10
506,4,0,1,1,1,2,10,3,1,2,6,2,6,7,0,0,0,2,8,2,1,4,3,2,5,3,1,2,5,0
506,4,1,1,1,0,2,10,3,1,3,9,7,5,7,0,0,0,2,8,2,1,2,0,0,1,2,7,5,5,0
506,0,1,1,4,4,2,4,3,5,2,9,2,5,7,0,0,0,2,8,2,1,1,3,2,5,3,4,2,5,11
506,0,0,1,4,0,2,4,3,6,2,7,0,5,7,0,0,0,2,6,2,1,2,0,1,1,2,0,2,5,0
136,0,1,1,1,0,3,8,3,6,2,3,1,5,7,0,0,3,2,2,1,2,2,0,1,1,2,3,2,5,3
136,0,1,1,4,4,4,0,0,6,2,7,4,5,7,0,0,3,2,8,1,2,2,2,1,0,1,3,2,2,3
944,6,2,1,4,0,2,0,3,6,2,7,4,5,1,0,3,0,3,8,2,1,2,1,0,4,2,0,2,5,11
944,6,1,1,1,0,0,0,3,6,2,1,1,6,1,0,3,0,3,2,2,1,2,3,2,5,3,7,5,5,7
6,1,0,1,7,4,6,3,3,6,2,7,4,5,7,0,3,0,2,8,2,1,2,0,1,0,2,0,2,5,10
6,1,1,1,4,0,3,3,3,6,2,7,4,5,7,0,3,0,2,8,2,1,3,3,2,5,3,0,2,5,0
580,2,0,0,2,2,1,0,3,6,2,7,4,5,2,0,3,0,2,8,2,1,2,0,1,0,2,3,2,5,12
580,2,1,1,4,0,0,14,3,4,2,6,2,5,2,0,3,0,2,6,2,1,4,0,1,4,2,0,2,5,10
535,6,1,1,4,0,0,17,3,1,2,7,2,6,7,0,0,0,2,6,2,1,2,3,2,5,3,7,2,5,11
535,6,3,1,0,2,1,7,3,6,2,9,2,5,7,0,0,0,2,1,2,1,2,3,2,5,3,0,2,5,11
141,4,4,0,7,4,6,13,3,2,2,7,4,5,1,0,3,3,2,8,2,1,2,0,1,0,2,7,5,5,12
141,4,0,1,1,2,1,5,3,5,2,7,4,5,1,0,3,3,2,8,2,1,2,0,1,0,2,0,2,5,3
740,0,0,1,4,0,0,8,3,6,3,2,4,5,1,0,0,0,2,8,1,1,13,3,2,5,3,7,5,5,1
963,1,0,1,7,2,2,4,3,0,0,6,4,5,1,0,3,3,2,1,1,1,3,0,1,1,1,3,3,5,0
939,0,1,1,4,0,4,5,3,3,2,12,7,5,7,0,0,3,2,1,2,1,13,3,2,5,3,0,2,5,9
939,0,1,1,4,0,1,6,3,1,2,7,4,5,7,0,0,3,2,8,2,1,2,2,0,0,2,0,2,1,3
766,2,4,0,4,0,2,0,3,0,2,6,4,5,7,0,0,0,2,8,2,1,2,0,1,0,2,2,2,5,4
766,2,0,1,4,0,3,0,3,0,2,9,7,3,7,3,0,0,2,8,2,1,13,0,1,1,2,7,5,5,4
317,6,2,1,1,0,1,0,3,0,2,4,1,5,7,0,0,3,2,2,2,1,2,1,1,3,2,7,5,5,11
317,6,1,1,1,2,3,14,3,1,2,7,4,5,7,0,0,3,2,8,2,1,2,0,0,0,2,2,2,5,0
418,6,4,0,4,0,0,17,3,0,2,9,4,5,7,0,3,0,3,2,2,1,2,3,2,5,3,0,2,5,1
418,6,1,1,4,0,2,11,3,0,2,1,2,5,7,0,3,0,3,8,2,1,2,2,0,0,2,0,2,5,3
369,5,0,1,4,0,1,11,3,5,1,6,7,5,0,0,0,3,2,8,1,1,2,0,0,0,2,7,5,5,10
222,2,1,1,4,0,1,14,3,6,2,5,2,5,3,0,0,3,2,2,2,1,2,3,2,5,3,0,2,5,7
222,2,0,1,4,0,1,0,3,0,2,5,2,5,3,0,0,3,2,8,2,1,2,3,2,5,3,7,5,5,5
175,0,2,1,4,0,1,2,3,0,2,5,4,5,3,0,0,3,2,8,2,1,4,0,0,0,2,0,2,5,1
175,0,0,1,4,0,3,0,0,4,2,5,4,5,3,0,0,3,2,2,2,1,2,2,1,4,1,0,2,1,3
334,0,2,1,4,0,3,5,3,6,2,5,7,3,1,1,0,3,2,2,4,5,2,1,0,0,2,7,5,5,9
334,0,1,1,1,0,2,0,3,6,2,12,7,3,1,0,0,3,2,8,4,5,2,0,1,0,2,7,5,5,18
334,0,1,1,7,0,6,10,3,3,2,5,2,5,1,0,0,3,2,8,4,5,2,3,2,5,3,7,5,5,1
334,0,1,1,7,0,1,13,3,6,2,5,4,5,1,0,0,3,2,8,4,5,2,0,1,0,2,7,5,5,3
334,0,1,1,1,0,2,0,3,6,2,5,2,0,1,0,0,3,2,8,4,5,2,3,2,5,3,2,2,5,12
829,2,3,1,4,0,2,10,3,1,2,5,2,7,1,0,0,0,2,8,2,3,3,3,2,5,3,3,2,5,9
836,0,0,1,4,0,3,17,3,1,2,6,4,7,8,0,0,0,2,8,2,2,2,1,1,3,2,7,5,5,0
836,0,0,1,4,0,2,5,3,1,2,5,4,7,8,0,0,3,2,8,1,1,2,0,1,1,2,4,2,5,17
836,0,0,1,4,0,3,5,3,6,2,5,4,7,8,0,3,3,4,8,2,1,2,3,2,5,3,2,2,5,10
836,0,0,1,1,0,4,9,3,1,2,5,4,5,8,0,3,3,4,8,2,1,2,0,1,1,2,0,2,5,3
352,2,0,1,1,0,2,5,3,6,2,6,4,5,8,0,0,0,2,8,2,1,2,3,2,5,3,2,2,5,10
1014,0,3,1,1,0,0,5,3,6,2,1,4,5,8,0,0,0,2,8,2,1,2,0,1,0,2,0,2,5,0
16,3,0,1,1,0,2,9,3,3,2,6,4,5,8,0,0,3,2,8,2,1,2,3,2,5,3,2,2,5,11
16,3,1,1,1,0,2,11,3,1,2,7,2,6,8,0,0,3,2,8,2,1,1,3,2,5,3,7,2,5,10
16,3,1,1,1,0,1,0,3,3,2,9,2,5,8,0,0,3,2,8,3,3,2,0,1,0,2,0,2,5,10
7,3,0,1,1,0,2,8,3,3,2,9,7,5,8,0,0,3,2,8,3,3,2,0,0,0,2,0,2,5,0
7,3,0,1,7,4,2,14,3,6,2,9,4,5,8,0,0,3,2,8,3,3,9,3,2,5,3,3,2,5,10
326,2,4,1,4,0,3,7,3,3,2,7,4,5,8,0,0,3,2,8,3,3,3,3,2,5,3,7,5,5,0
326,2,1,1,4,0,3,17,3,6,2,6,2,5,8,0,0,3,2,8,1,1,2,0,1,1,2,7,5,5,10
326,2,1,1,1,0,4,0,3,6,3,7,2,5,8,0,0,3,2,2,3,2,3,1,0,1,2,1,2,5,10
388,2,3,1,1,0,2,14,3,3,3,7,7,5,8,0,0,3,2,8,3,2,2,3,2,5,3,0,2,5,10
388,2,3,1,1,2,2,8,3,2,3,6,2,5,8,0,0,3,2,1,3,2,13,0,0,1,2,2,2,5,0
593,0,3,1,1,0,1,5,3,4,3,2,7,5,8,0,0,3,2,8,2,1,2,1,0,3,2,0,2,5,1
593,0,1,1,1,0,3,0,3,5,2,7,2,5,8,0,0,3,2,2,2,1,13,2,0,0,2,0,2,5,9
574,1,2,1,1,0,1,17,3,6,3,7,1,5,8,0,0,0,2,8,3,3,2,3,2,5,3,0,2,5,1
574,1,1,1,4,0,3,5,3,6,3,6,0,5,8,0,0,0,2,8,3,3,13,0,1,4,2,0,2,5,10
574,1,1,0,4,0,4,5,3,6,3,6,1,6,8,0,0,0,2,8,3,3,2,0,1,0,2,0,2,5,16
543,5,0,1,4,0,1,5,3,6,3,6,4,5,8,0,0,0,2,8,3,3,2,3,2,5,3,0,2,5,13
543,5,0,1,1,0,2,8,3,6,2,6,0,5,8,0,0,0,2,8,3,3,2,3,2,5,3,0,2,5,13
466,2,2,1,1,0,2,8,3,5,3,14,2,5,8,0,0,3,2,6,2,3,2,0,1,0,2,0,2,5,1
466,2,0,1,1,0,0,0,3,4,3,6,4,5,8,0,0,3,2,2,2,3,2,1,1,4,2,7,2,5,11
691,3,1,1,1,0,6,7,3,5,3,7,6,5,8,0,0,3,2,8,2,3,4,1,1,2,2,7,2,5,12
691,3,1,1,4,0,0,17,3,6,3,7,0,5,8,0,0,3,2,8,2,3,4,0,1,3,2,7,2,5,0
298,1,2,1,7,0,2,0,0,5,3,7,2,5,8,0,0,3,2,2,2,1,2,0,1,0,2,7,2,5,0
298,1,2,1,1,2,0,0,3,6,3,6,6,5,8,0,0,3,2,8,2,1,2,1,0,1,2,7,2,5,16
298,1,0,1,4,0,2,11,3,6,3,6,6,5,8,0,0,3,0,8,2,1,1,0,1,1,1,7,2,5,10
458,3,1,0,4,0,1,5,3,6,3,6,2,5,8,0,0,3,0,8,2,1,2,3,2,5,3,7,2,5,12
458,3,2,1,4,0,1,11,0,6,2,6,2,5,8,0,0,3,2,8,2,2,2,0,1,0,2,7,2,5,1
711,2,0,1,4,0,2,17,3,1,3,2,4,5,8,0,0,3,2,8,2,2,2,3,2,5,3,0,5,5,0
711,2,0,1,4,2,4,17,0,6,3,6,2,5,8,0,0,3,2,8,2,1,2,0,1,0,2,0,5,5,10
944,5,0,1,2,0,4,0,0,5,3,9,2,5,8,0,0,3,2,1,2,1,2,2,1,1,2,0,2,1,3
944,5,1,1,4,0,6,0,3,6,3,12,2,5,8,0,0,0,2,8,2,1,1,2,0,0,2,0,2,5,11
74,6,1,1,4,0,4,5,3,5,3,6,4,5,8,0,0,0,2,2,2,1,2,2,0,4,2,0,2,5,3
210,6,1,1,4,0,1,0,3,2,3,7,4,5,8,0,0,3,2,8,2,2,2,3,2,5,3,7,2,5,9
210,6,1,1,4,0,1,10,3,6,3,7,0,5,8,0,0,3,2,8,2,2,4,0,1,1,2,0,2,5,10
210,6,1,0,4,0,2,0,0,6,2,7,0,5,8,0,0,3,2,8,2,2,2,0,1,1,2,0,2,5,10
114,4,0,1,1,0,2,11,3,2,2,7,2,5,8,0,0,3,2,8,3,1,2,0,0,1,2,3,2,5,10
114,4,0,1,7,2,2,5,3,5,2,6,0,6,8,0,0,3,2,8,3,1,2,1,0,1,2,0,2,5,0
566,6,0,1,4,0,2,0,3,6,3,6,2,5,8,0,0,3,2,8,3,1,2,0,1,0,2,0,2,5,0