Time,Day_of_week,Age_band_of_driver,Sex_of_driver,Educational_level,Vehicle_driver_relation,Driving_experience,Type_of_vehicle,Owner_of_vehicle,Service_year_of_vehicle,Defect_of_vehicle,Area_accident_occured,Lanes_or_Medians,Road_allignment,Types_of_Junction,Road_surface_type,Road_surface_conditions,Light_conditions,Weather_conditions,Type_of_collision,Number_of_vehicles_involved,Number_of_casualties,Vehicle_movement,Casualty_class,Sex_of_casualty,Age_band_of_casualty,Casualty_severity,Work_of_casuality,Fitness_of_casuality,Pedestrian_movement,Cause_of_accident
476,3,4,1,4,2,2,0,3,1,2,7,2,5,8,0,3,0,4,8,2,1,2,3,2,5,3,0,2,5,1
246,3,2,1,4,0,4,0,0,1,2,7,2,5,8,0,0,3,2,8,2,1,2,0,0,0,2,1,2,5,0
246,3,0,1,4,0,1,0,3,5,2,9,2,5,8,0,0,3,2,8,2,1,2,3,2,5,3,0,2,5,10
246,3,0,1,4,0,6,0,3,2,2,4,4,5,8,2,0,3,2,8,2,1,2,0,1,0,1,0,2,5,17
246,3,0,0,0,0,0,5,3,1,2,7,4,3,8,0,0,3,2,8,2,1,7,0,1,1,2,0,2,5,12
555,3,4,1,4,0,0,7,3,0,2,6,4,5,8,5,3,3,2,8,1,1,2,3,2,5,3,0,2,5,9
555,3,1,1,4,0,0,8,1,1,2,7,2,7,8,5,0,3,2,8,2,1,2,3,2,5,3,0,2,5,5
555,3,1,1,5,0,2,8,0,0,3,7,4,5,8,0,0,3,2,8,2,1,2,0,1,1,2,0,2,5,9
139,2,1,1,4,0,3,0,3,5,2,7,2,5,8,2,3,0,2,8,2,2,2,3,2,5,3,1,2,5,1
188,3,1,1,4,0,3,3,3,1,2,7,0,5,8,0,3,0,2,8,2,2,1,0,1,0,2,0,2,5,15
188,3,0,1,4,0,2,0,3,5,1,6,4,5,8,0,0,3,2,8,3,1,2,2,0,0,2,1,2,1,5
188,3,0,2,4,0,1,10,0,0,2,7,2,5,8,2,0,3,2,8,3,1,2,0,1,1,2,3,2,5,3
655,0,0,1,4,0,4,5,4,6,3,14,7,5,8,0,0,3,2,8,3,1,2,1,0,1,2,0,2,5,10
655,0,1,1,4,0,0,10,1,5,2,7,2,5,8,0,0,3,2,8,2,1,2,0,0,0,2,0,2,5,12
179,5,3,0,4,0,2,7,3,3,3,7,7,3,8,0,0,3,2,2,2,1,7,1,0,1,2,3,2,5,15
179,5,0,1,4,0,4,5,3,5,3,6,4,5,8,0,0,3,2,8,2,3,3,2,1,3,2,3,2,1,5
1014,4,1,1,1,0,2,5,3,5,2,6,1,5,8,0,0,3,2,8,2,3,2,2,1,2,2,0,2,0,1
1014,4,0,1,4,0,1,3,3,3,2,2,7,5,8,0,0,3,2,8,2,3,2,0,1,4,2,0,2,5,1
975,5,0,1,4,0,2,8,3,6,2,6,0,5,8,0,0,0,2,8,1,1,2,1,1,4,2,3,2,5,1
337,5,1,1,1,0,2,8,3,3,2,6,7,5,8,0,0,3,2,1,2,1,2,1,0,1,2,3,2,5,1
337,5,1,1,4,0,3,5,3,5,2,6,2,5,8,0,0,3,2,8,2,1,2,3,2,5,3,0,2,5,9
496,3,0,1,4,0,0,5,3,5,2,6,1,5,8,0,3,3,4,8,2,1,2,3,2,5,3,0,2,5,10
496,3,2,1,2,0,4,0,3,1,2,9,4,5,8,0,3,3,4,8,2,1,9,0,1,0,2,0,2,5,15
1069,1,2,1,1,0,3,7,3,3,2,9,7,5,8,0,3,3,4,8,2,1,2,3,2,5,3,0,2,5,10
1069,1,2,1,2,2,0,17,3,2,3,9,4,5,8,1,3,3,4,8,2,1,4,0,1,4,2,7,5,5,3
633,6,1,1,4,0,1,7,3,2,3,6,0,5,8,0,0,3,2,8,2,2,2,1,0,3,1,7,2,5,10
1028,1,1,1,7,0,2,0,3,5,2,9,2,3,8,0,0,3,2,8,2,2,2,3,2,5,3,0,2,5,10
1028,1,1,1,2,2,1,8,0,5,2,7,2,5,8,0,3,0,2,8,2,1,2,2,1,3,2,7,5,5,10
1028,1,4,0,2,0,3,0,0,4,2,7,2,5,8,0,3,0,2,1,2,1,2,3,2,5,3,7,5,5,1
619,6,2,1,4,0,0,9,3,6,3,7,2,9,8,0,3,3,4,8,2,2,2,0,1,0,2,7,5,5,10
114,5,0,0,1,0,0,0,3,5,2,12,0,5,8,0,3,3,4,8,2,2,3,1,0,2,2,0,2,5,12
114,5,0,1,2,0,0,7,3,5,2,12,0,5,8,0,3,3,4,8,2,2,3,3,2,5,3,7,5,5,0
114,5,3,1,0,0,2,9,3,1,2,12,4,5,8,0,3,0,0,8,2,1,3,0,1,0,2,7,5,5,9
114,5,3,1,7,4,6,14,3,5,2,9,1,5,8,0,3,0,0,2,2,1,4,0,1,4,2,0,2,5,3
114,5,3,1,4,0,2,5,3,5,2,7,4,5,8,0,3,0,4,8,2,1,2,3,2,5,3,0,2,5,0
114,5,1,1,1,2,2,5,3,5,2,6,2,5,8,0,3,0,4,8,2,1,11,0,1,1,2,0,2,5,11
114,5,0,1,1,0,2,5,3,2,2,7,2,5,8,0,3,3,4,8,2,2,9,3,2,5,3,0,2,5,10
251,2,1,1,2,2,2,0,3,3,2,12,4,5,8,0,3,3,4,8,2,2,1,0,1,0,2,7,5,5,10
251,2,0,1,4,0,2,5,3,2,2,7,0,5,8,0,3,3,4,8,2,2,2,3,2,5,3,0,2,5,17
666,0,2,1,4,2,0,17,3,1,2,4,2,5,8,0,3,3,4,8,1,1,2,0,0,1,2,7,5,5,10
666,0,2,1,4,0,1,9,3,1,2,7,2,5,8,0,0,3,2,8,3,2,2,3,2,5,3,7,5,5,6
666,0,2,1,4,2,2,0,3,5,2,6,2,5,8,0,0,3,2,2,3,2,9,0,1,0,2,7,5,5,9
666,0,2,1,4,2,3,14,3,5,2,7,2,5,8,0,0,3,2,8,3,2,7,3,2,5,3,7,5,5,11
666,0,2,1,2,0,2,0,3,5,2,7,2,5,8,0,0,3,2,8,3,2,3,0,0,1,2,7,5,5,0
666,0,0,1,2,2,1,5,1,3,2,5,4,5,8,3,0,3,2,8,1,1,4,3,2,5,3,0,2,5,0
542,0,0,1,4,0,2,7,3,5,2,7,7,5,8,0,3,0,8,8,1,1,2,0,0,1,2,0,2,5,7
542,0,0,1,1,0,1,8,3,3,2,9,2,5,8,0,0,0,2,6,1,1,2,3,2,5,3,0,2,5,10
764,2,2,1,1,0,2,17,3,3,3,6,2,5,8,0,3,0,2,8,2,5,2,0,1,0,2,0,2,5,1
511,4,1,1,4,0,0,5,3,5,3,6,0,5,8,0,3,0,2,8,2,5,2,3,2,5,3,0,2,5,1
235,1,2,1,4,0,2,0,4,1,3,3,1,9,8,0,3,0,2,2,2,5,2,2,0,3,2,0,2,5,9
235,1,0,1,7,4,6,10,3,5,3,4,2,5,8,0,3,0,2,8,2,5,2,2,1,1,2,7,5,5,2
1004,3,1,1,1,0,3,0,3,1,2,7,4,5,8,0,3,0,2,8,2,5,2,0,1,1,2,0,2,5,0
1004,3,4,1,1,0,4,5,3,6,3,6,4,5,8,0,3,0,4,8,2,1,2,3,2,5,3,7,5,5,1
992,1,3,1,4,0,1,9,3,5,2,6,7,5,8,0,3,0,4,2,2,1,2,0,1,0,2,0,2,5,10
992,1,0,1,1,2,0,6,3,5,3,9,2,5,8,0,3,3,4,2,2,1,4,1,1,0,2,0,2,5,1
195,2,0,1,4,2,2,9,3,5,3,9,6,5,8,0,3,3,4,8,2,1,3,3,2,5,3,0,2,5,1
195,2,1,1,4,0,1,5,3,5,2,12,2,5,8,0,3,0,7,8,2,1,2,0,1,0,2,7,5,5,10
393,2,0,1,4,0,1,0,0,5,2,7,2,5,8,0,3,0,7,2,2,1,3,3,2,5,3,7,5,5,1
393,2,3,1,2,0,1,5,0,5,2,0,4,5,8,0,3,1,4,2,2,1,2,2,0,4,2,0,2,0,3
72,6,2,1,4,0,3,14,3,5,2,6,7,5,8,3,3,1,4,8,2,1,3,3,2,5,3,0,2,5,3
190,1,0,1,4,0,1,8,3,5,2,2,2,5,8,0,0,3,2,8,2,1,13,0,0,0,2,0,2,5,1
190,1,0,1,4,0,0,0,0,5,2,2,2,5,8,0,0,3,2,8,2,1,2,3,2,5,3,0,2,5,17
190,1,0,1,4,0,1,0,3,5,2,9,0,5,8,0,0,3,2,2,2,1,2,2,0,1,2,3,2,5,1
326,3,1,1,4,0,2,17,3,3,2,9,2,5,8,0,0,3,2,8,2,1,2,0,1,1,2,3,2,5,9
326,3,2,1,4,0,0,7,3,5,2,9,0,5,8,2,0,3,2,8,1,1,2,3,2,5,3,0,2,5,10
326,3,2,1,1,0,0,0,3,3,2,9,2,5,8,0,0,0,2,8,3,1,4,0,1,4,2,7,5,5,17
295,3,1,1,4,0,1,10,3,0,2,7,0,5,8,0,0,0,2,6,3,1,2,3,2,5,3,7,5,5,3
440,5,2,1,4,0,3,10,3,5,2,7,2,5,8,5,0,0,2,8,3,1,3,3,2,5,3,7,5,5,1
440,5,3,1,4,0,4,0,3,1,2,9,2,5,8,3,3,3,2,8,1,1,3,2,0,0,1,0,2,0,2
89,5,1,1,4,0,3,9,3,5,2,7,7,5,8,0,3,0,2,1,3,1,3,2,0,1,2,7,2,2,0
89,5,2,1,1,2,2,9,3,5,2,2,4,5,8,5,3,0,2,8,3,1,2,2,1,4,2,0,2,5,3
306,1,1,1,1,0,3,5,3,5,2,7,4,5,8,0,3,0,2,8,3,1,2,0,1,0,2,0,2,5,10
306,1,2,1,4,0,0,0,3,5,2,6,4,5,8,2,0,1,2,8,2,1,2,3,2,5,3,7,5,5,9
306,1,4,1,7,4,6,8,3,1,2,6,2,5,8,0,0,1,2,8,2,1,2,2,1,1,1,3,2,1,11
204,2,0,1,2,2,2,8,3,6,3,9,4,5,8,0,3,0,8,2,1,1,4,0,0,3,1,0,2,5,9
204,2,0,1,1,0,1,5,3,5,3,7,2,5,8,0,3,0,2,8,1,1,2,1,0,3,2,0,2,5,1
204,2,4,2,7,4,6,0,3,3,3,4,4,5,8,0,3,0,2,8,2,1,2,2,1,4,2,0,2,6,10
977,6,4,1,7,4,6,14,3,5,3,6,2,5,8,0,3,0,2,8,2,1,2,2,0,0,2,0,2,0,6
977,6,0,1,2,2,0,6,1,5,3,1,2,5,8,2,3,0,2,8,1,1,7,3,2,5,3,0,2,5,1
165,3,0,1,4,0,0,17,3,0,2,9,2,5,8,0,0,0,2,2,2,1,3,0,1,0,2,0,2,5,3
165,3,0,1,4,0,0,7,3,3,3,9,4,5,8,0,0,0,2,8,2,1,2,3,2,5,3,0,2,5,4
165,3,4,1,4,0,3,0,3,2,3,2,4,3,8,0,3,3,2,2,1,1,2,0,1,0,2,0,2,5,1
165,3,4,1,4,0,0,0,3,2,3,9,4,5,8,0,0,3,2,8,1,1,7,0,1,0,2,0,2,5,1
620,3,0,1,2,2,3,17,3,5,2,14,7,5,8,0,3,0,4,6,2,1,2,3,2,5,3,0,2,5,3
620,3,1,1,4,0,3,11,3,2,2,7,4,5,8,0,3,0,4,8,2,1,7,2,0,1,2,7,5,1,0
525,4,1,1,4,0,0,0,3,5,3,7,3,5,8,0,3,0,0,8,2,1,4,3,2,5,3,3,2,5,12
656,4,1,1,4,0,0,7,3,5,2,2,3,5,8,0,3,0,0,8,2,1,13,0,0,0,2,3,2,5,3
656,4,0,1,2,0,1,0,0,6,2,7,3,5,8,0,3,3,2,8,1,1,2,1,0,0,2,0,2,5,1
656,4,1,1,4,0,1,7,3,5,2,2,3,5,8,0,3,3,4,8,2,2,2,0,1,0,2,0,2,5,3
656,4,1,1,4,0,0,5,3,5,2,2,2,5,8,0,3,3,4,1,2,2,2,0,1,3,2,3,2,5,5
42,6,1,1,1,0,2,8,3,3,2,7,4,5,8,2,0,3,2,6,2,2,2,3,2,5,3,3,2,5,10
42,6,1,1,4,0,2,10,0,2,2,7,4,5,8,0,0,3,2,8,2,2,2,3,2,5,3,7,5,5,0
42,6,1,1,4,0,0,0,3,2,2,12,7,5,8,0,0,0,8,6,1,1,2,0,1,0,2,1,2,5,12
646,6,0,1,1,1,2,8,3,3,2,9,4,5,8,0,3,0,4,8,2,1,2,0,1,1,1,7,5,5,9
646,6,0,1,4,0,1,0,4,0,2,7,2,5,8,0,3,0,4,8,2,1,2,3,2,5,3,7,5,5,9
646,6,0,1,1,0,2,5,3,3,2,6,4,5,8,4,0,0,2,8,1,1,2,0,1,0,2,7,5,5,10
102,0,2,1,4,0,3,0,3,3,2,9,4,5,8,3,3,3,4,4,2,1,2,0,1,0,2,0,2,5,1
102,0,1,1,4,0,3,5,3,3,2,7,1,3,8,3,3,3,4,8,2,1,2,3,2,5,3,0,2,5,1
102,0,1,1,1,2,1,5,3,3,2,9,2,5,8,0,2,0,3,2,2,1,2,0,1,0,2,0,2,5,9
394,4,1,1,1,0,2,5,3,2,2,9,4,5,8,0,2,0,3,8,2,1,2,3,2,5,3,0,2,5,3
394,4,0,1,4,2,0,10,3,6,2,9,2,5,8,2,0,3,2,8,3,1,2,0,1,1,2,0,2,5,5
221,1,1,1,1,0,3,0,3,0,2,7,7,5,8,0,0,3,2,8,3,1,2,3,2,5,3,3,2,5,10
221,1,0,1,4,0,2,7,3,2,2,7,4,5,8,0,0,3,2,1,3,1,3,0,1,1,2,3,2,5,10
563,0,1,1,4,0,1,7,3,2,2,7,1,5,8,0,0,0,2,8,2,1,2,1,0,4,2,3,2,5,12
563,0,1,1,1,0,3,7,3,0,2,3,4,5,8,0,0,0,2,8,2,1,2,1,0,1,2,3,2,5,4
772,2,3,1,4,0,1,0,3,1,2,9,4,5,8,2,0,3,2,8,2,1,2,3,2,5,3,7,5,5,12
772,2,3,1,1,0,3,7,3,2,2,9,1,5,8,0,0,3,2,6,2,1,13,0,1,1,2,3,2,5,12
772,2,3,1,4,0,3,5,3,2,2,9,4,5,8,0,0,3,2,2,1,1,9,3,2,5,3,3,2,5,12
1025,6,0,1,4,0,1,9,3,0,2,7,2,5,8,0,3,3,2,8,2,1,2,1,1,4,2,3,2,5,10
349,4,1,1,4,0,3,5,3,0,2,6,2,5,8,0,3,3,2,8,2,1,2,3,2,5,3,0,2,5,9
349,4,1,1,4,0,3,9,3,1,2,7,7,5,8,0,0,0,2,2,1,1,2,1,0,1,2,7,5,5,1
627,2,3,1,4,0,4,5,3,5,2,6,0,5,8,0,3,0,2,8,1,1,2,0,1,1,1,0,2,5,3
706,6,1,0,4,2,3,7,3,5,2,9,2,5,8,0,0,3,2,8,1,2,2,3,2,5,3,0,2,5,0
706,6,0,1,2,1,3,5,3,5,2,6,0,1,8,0,0,3,2,8,1,2,2,3,2,5,3,3,2,5,10
685,2,3,1,4,0,2,17,3,6,2,6,0,5,8,0,3,3,2,6,1,1,2,0,1,0,2,0,2,5,1
685,2,3,1,1,4,6,11,1,5,2,7,0,5,8,0,0,0,7,6,1,2,2,0,1,0,2,0,2,5,5
873,5,3,1,4,0,2,5,3,5,2,6,2,5,8,2,0,0,7,1,1,2,2,0,1,0,1,7,5,5,10
873,5,3,1,4,0,2,7,3,5,2,6,6,5,8,0,0,3,2,8,1,1,9,1,0,4,2,0,2,5,17
873,5,0,1,4,2,4,7,0,5,3,6,1,5,8,0,3,0,2,8,2,1,13,3,2,5,3,0,2,5,10
1054,1,1,1,4,0,2,0,3,5,3,7,4,5,8,0,3,0,2,8,2,1,7,3,2,5,3,0,2,5,1
1054,1,1,1,1,0,1,5,3,5,3,9,6,5,8,0,3,3,2,1,1,1,4,0,1,1,2,0,2,5,12
515,6,4,1,4,2,1,8,3,1,2,9,2,1,8,2,0,3,2,1,1,1,2,2,0,0,2,0,2,6,1
515,6,3,1,1,0,1,0,3,2,3,2,2,5,8,0,0,0,2,8,1,1,2,3,2,5,3,3,2,5,0
360,6,2,1,4,2,1,17,3,2,3,7,2,5,8,0,0,3,2,8,3,2,9,0,1,0,2,7,5,5,10
360,6,0,1,4,0,3,7,3,5,3,9,2,5,8,0,0,3,2,8,3,2,4,2,1,0,2,3,2,6,11
203,5,1,1,4,0,1,0,3,1,3,7,4,5,8,0,0,3,2,2,3,2,2,0,1,0,2,0,2,5,3
203,5,2,1,4,0,0,14,3,1,3,9,4,5,8,0,0,3,2,8,3,2,2,0,0,0,2,7,5,5,10
646,0,4,1,4,0,1,7,3,1,3,9,2,5,8,0,0,3,2,2,1,1,4,3,2,5,3,7,5,5,3
646,0,3,1,4,0,0,17,3,2,2,7,2,5,8,0,0,3,2,8,2,1,2,2,1,4,2,0,2,0,3
535,0,2,1,4,0,2,12,4,6,3,7,2,5,8,0,0,3,2,8,2,1,9,0,1,0,2,0,2,5,9
175,2,4,1,4,0,2,17,3,5,2,7,4,5,8,4,0,3,2,2,3,1,2,3,2,5,3,0,2,5,16
488,6,1,1,1,2,1,7,3,5,2,7,0,5,8,0,0,3,2,8,3,1,9,2,0,0,2,3,2,5,12
488,6,1,1,1,0,4,5,3,5,3,9,2,5,8,0,0,3,2,8,3,1,2,3,2,5,3,0,2,5,12
488,6,1,1,7,4,6,5,3,1,3,1,4,5,8,0,0,3,2,2,2,1,3,0,1,0,2,3,2,5,9
488,6,0,1,4,0,3,5,3,6,3,7,7,5,8,0,0,3,2,2,2,1,13,2,1,0,2,0,2,7,16
958,6,0,1,2,0,0,14,3,6,3,6,4,5,8,0,0,3,2,8,4,1,2,1,0,0,2,0,2,5,0
958,6,0,1,4,2,2,5,4,6,3,7,4,5,8,0,0,3,2,8,4,1,2,3,2,5,3,7,5,5,1
51,4,3,1,4,0,0,0,3,5,3,6,4,5,8,0,0,3,2,8,4,1,7,1,1,3,2,7,5,5,16
51,4,2,1,4,0,3,0,3,5,3,6,1,5,8,2,0,3,2,8,4,1,7,0,1,0,2,3,2,5,14
755,2,2,0,4,0,4,8,3,5,3,6,4,5,8,0,0,3,2,8,2,1,7,2,0,1,2,0,2,1,13
30,3,0,1,1,0,1,15,3,5,2,7,4,5,8,0,0,3,2,8,2,1,2,3,2,5,3,0,2,5,12
30,3,0,1,4,0,2,17,0,5,3,7,0,5,8,0,3,3,2,8,1,1,2,0,1,0,2,3,2,5,1
64,1,0,1,1,0,2,0,3,5,2,6,3,5,8,0,0,2,2,8,3,2,2,0,1,0,2,0,2,5,9
64,1,0,1,4,2,0,17,3,5,3,9,7,5,8,0,0,2,2,8,3,2,2,0,1,0,2,0,2,5,0
196,2,0,1,4,0,2,3,0,1,3,1,4,5,8,0,0,2,2,8,3,2,3,3,2,5,3,7,2,5,11
196,2,2,1,5,1,6,9,3,0,2,7,7,5,8,0,0,2,2,8,3,2,2,0,1,0,2,0,2,5,10
196,2,2,1,2,0,1,8,3,3,2,9,7,5,8,0,0,3,2,8,2,1,3,3,2,5,3,3,2,5,12
459,1,0,1,4,0,0,17,3,5,2,7,7,5,8,0,0,3,2,8,2,1,3,0,1,1,2,3,2,5,10
459,1,1,1,4,0,2,7,3,5,3,7,7,5,8,0,0,3,3,8,2,1,2,3,2,5,3,7,2,5,10
459,1,1,1,4,0,1,5,3,2,3,7,1,5,8,0,0,3,3,8,2,1,4,3,2,5,3,3,2,5,9
459,1,1,1,4,0,5,0,3,5,2,7,2,5,8,0,3,0,2,8,1,2,2,0,1,0,1,0,2,5,1
443,0,1,1,4,0,3,8,3,1,2,7,7,5,8,0,3,0,2,8,1,2,4,3,2,5,3,0,2,5,11
443,0,3,1,4,0,3,5,3,5,2,12,4,5,8,0,0,0,2,8,1,4,2,0,1,1,2,7,2,5,9
443,0,1,1,4,0,2,5,3,6,2,6,2,5,8,0,0,0,2,2,1,4,7,2,1,3,2,0,2,1,7
443,0,1,1,2,0,1,3,3,5,2,6,2,5,8,2,0,0,2,8,1,4,13,3,2,5,3,0,2,5,16
443,0,1,1,2,2,1,11,3,2,2,6,2,5,8,0,0,0,2,1,1,4,2,0,0,0,2,0,2,5,14
99,3,0,1,4,0,4,11,3,5,2,12,6,5,8,5,3,0,4,8,2,1,2,0,0,0,2,3,2,5,1
99,3,0,1,4,2,3,0,0,6,2,12,4,5,8,0,3,0,4,2,2,1,2,3,2,5,3,0,2,5,8
99,3,1,1,4,0,3,0,3,6,2,6,2,5,8,0,0,3,2,8,2,1,2,3,2,5,3,0,2,5,13
822,2,0,1,1,0,1,0,3,6,2,6,2,5,8,0,0,3,2,8,2,1,2,0,1,1,2,7,2,5,0
822,2,0,1,4,0,1,7,0,3,2,12,2,5,8,0,0,3,2,8,3,1,2,0,0,0,2,0,2,5,1
418,5,1,1,5,0,3,9,3,0,2,14,2,5,8,0,0,3,2,8,3,1,4,3,2,5,3,7,5,5,11
418,5,3,1,1,0,2,0,3,3,2,7,2,5,8,0,0,3,2,8,3,1,2,0,1,1,2,7,5,5,15
428,0,1,1,4,0,4,14,3,4,2,7,4,5,8,0,0,3,2,6,2,1,2,0,0,0,2,7,5,5,0
428,0,3,1,1,0,4,0,3,3,2,7,2,5,8,0,0,3,2,2,2,1,2,3,2,5,3,3,2,5,12
441,5,1,1,4,0,4,0,3,5,2,9,4,5,8,0,0,3,2,8,2,1,2,0,1,1,2,3,2,5,1
441,5,1,1,4,0,2,0,0,0,2,7,4,5,8,3,0,3,2,2,2,1,7,2,0,1,2,0,2,5,10
476,3,1,1,4,2,2,17,3,0,2,7,4,5,8,0,0,3,2,8,1,1,2,3,2,5,3,3,2,5,11
772,6,1,1,2,2,2,17,3,6,2,4,4,5,8,0,0,3,2,8,2,1,2,0,1,3,2,0,2,5,10
772,6,1,1,4,0,2,8,3,6,2,1,4,5,8,0,0,3,2,8,2,1,4,0,1,0,2,3,2,5,12
308,6,3,1,4,0,1,16,3,3,2,2,2,5,8,0,0,3,2,8,1,1,2,2,1,0,2,1,2,6,13
308,6,3,1,1,0,2,8,3,6,3,6,2,5,8,0,0,0,2,8,2,1,2,0,1,0,2,0,2,5,3
308,6,2,1,4,0,1,7,3,6,3,7,2,5,8,0,0,0,2,2,2,1,2,3,2,5,3,0,2,5,0
290,2,4,1,4,0,4,14,3,6,3,6,4,5,8,0,0,3,2,8,3,1,9,1,1,1,2,0,2,5,3
290,2,0,1,1,0,1,8,3,6,3,6,2,5,8,0,0,3,2,2,3,1,2,0,1,0,2,0,2,5,0
290,2,0,1,4,0,1,5,3,6,3,7,2,5,8,0,0,3,2,8,3,1,2,3,2,5,3,0,2,5,12
183,3,1,1,4,0,1,5,3,3,3,9,4,5,8,0,0,3,2,8,2,1,7,3,2,5,3,0,2,5,10
183,3,0,1,4,0,2,0,3,3,3,6,7,7,8,0,0,3,2,8,2,1,4,0,0,1,2,3,2,5,1
183,3,0,1,4,0,2,0,3,3,2,9,7,5,8,0,3,3,2,8,1,1,2,0,1,1,2,3,2,5,1
183,3,0,1,4,0,6,8,4,6,3,12,2,5,8,0,3,3,4,8,2,1,2,0,1,0,2,3,2,5,2
183,3,0,1,4,2,2,8,3,3,2,6,2,2,8,0,3,3,4,8,2,1,3,1,0,0,2,0,2,5,10
516,0,0,1,4,0,1,5,3,2,2,7,7,5,8,0,0,3,2,8,2,1,7,3,2,5,3,7,2,5,1
516,0,0,1,4,0,4,9,3,3,2,7,4,5,8,0,0,3,2,8,2,1,2,0,1,0,2,7,2,5,0
100,6,0,1,4,0,0,7,3,3,2,2,7,5,8,0,0,0,2,8,1,1,2,3,2,5,3,3,2,5,7
100,6,0,1,4,0,4,14,3,6,2,6,2,5,8,4,0,3,2,8,2,1,3,0,1,1,2,0,2,5,13
958,5,2,1,4,0,3,0,3,6,2,7,2,5,8,0,0,3,2,8,2,1,2,3,2,5,3,1,2,5,13
958,5,0,1,4,0,4,0,3,6,2,6,2,6,8,0,0,3,2,6,2,1,2,2,0,0,2,2,2,1,10
958,5,0,1,4,0,1,5,3,6,2,6,2,5,8,0,0,3,2,2,2,1,2,0,0,0,2,0,2,5,12
388,5,0,1,4,0,0,14,3,3,2,6,2,2,8,0,0,3,2,8,2,1,2,0,0,1,2,0,2,5,16
388,5,1,1,1,0,2,5,3,3,2,2,4,2,8,0,0,3,2,8,2,1,2,0,1,1,2,0,2,5,11
531,1,3,1,4,2,4,11,3,3,2,6,4,1,8,0,0,3,2,2,2,2,2,3,2,5,3,7,2,5,10
531,1,4,1,4,0,4,0,3,2,2,7,0,1,8,0,0,3,2,8,2,2,13,0,1,2,2,1,2,5,1
489,5,0,1,6,0,4,0,3,6,3,7,2,5,8,4,0,3,2,8,1,1,2,3,2,5,3,7,2,5,3
489,5,1,1,4,0,0,0,3,2,2,2,5,7,8,0,0,3,2,8,2,2,7,0,1,0,1,7,2,5,1
489,5,1,1,1,2,2,17,3,0,3,12,4,5,8,0,0,3,2,6,2,2,2,3,2,5,3,7,2,5,16
321,3,0,1,4,0,1,5,4,6,3,2,2,5,8,0,0,3,2,6,4,5,2,0,1,1,2,7,5,5,13
321,3,1,1,4,2,4,5,3,3,3,6,4,5,8,0,0,3,2,1,4,5,2,2,1,1,1,0,2,5,4
321,3,1,1,6,0,2,0,3,1,2,7,7,5,8,0,0,3,2,8,4,5,2,2,0,1,2,3,2,5,2
48,5,0,1,6,0,2,14,3,3,3,2,2,4,8,0,0,3,2,8,4,5,2,0,1,0,2,7,5,5,19
560,1,1,1,4,0,2,9,0,0,2,7,0,5,8,0,0,3,2,8,4,5,2,2,0,0,2,0,2,5,1
306,0,0,1,4,0,1,9,0,3,3,7,0,5,8,0,0,3,2,1,4,5,4,0,1,2,2,0,2,5,10
306,0,1,1,4,0,3,0,1,2,2,6,2,1,8,5,0,3,2,1,3,1,3,3,2,5,3,0,2,5,13
306,0,1,1,4,0,2,9,1,3,2,7,2,5,8,4,0,3,2,8,3,1,4,0,1,0,2,0,2,5,12
994,3,3,1,4,0,3,9,3,1,2,7,2,5,8,0,0,3,2,8,3,1,2,3,2,5,3,3,2,5,0
715,1,4,1,4,0,1,5,0,6,2,9,2,5,8,0,0,3,2,8,2,2,2,0,1,0,1,7,5,5,11
715,1,0,1,4,0,4,0,3,1,2,6,2,5,8,0,0,3,2,2,2,2,2,1,0,0,2,7,5,5,16
334,0,0,1,4,0,4,5,3,1,2,2,1,5,8,0,0,3,2,8,2,2,4,0,0,3,2,0,2,5,3
334,0,2,1,4,2,2,17,3,0,2,14,4,5,8,1,0,0,2,2,2,3,2,3,2,5,3,0,2,5,12
334,0,2,0,4,0,1,0,3,3,3,0,7,3,8,5,0,0,2,8,2,3,13,0,1,0,2,7,5,5,11
680,3,1,1,1,0,4,14,3,3,3,7,2,7,8,0,0,0,2,8,2,3,2,3,2,5,3,3,2,5,1
680,3,1,1,4,0,1,17,3,6,2,7,4,7,8,0,0,0,2,2,2,3,2,0,1,0,2,7,5,5,3
680,3,0,1,4,0,2,17,3,6,2,2,4,5,8,0,0,3,2,8,1,1,2,3,2,5,3,7,5,5,1
680,3,0,1,2,0,3,0,0,0,2,9,4,5,8,0,3,3,4,8,2,1,2,3,2,5,3,0,2,5,1
390,1,0,1,2,0,3,14,3,5,2,7,4,5,8,2,3,3,4,2,2,1,3,0,1,1,2,0,2,5,0
390,1,1,1,4,0,2,0,3,5,2,7,2,5,8,0,3,3,4,2,4,1,3,0,1,1,2,0,2,5,17
390,1,2,1,1,0,0,7,3,5,2,7,0,5,8,0,3,3,4,8,4,1,2,3,2,5,3,0,2,5,3
334,0,1,1,1,0,2,7,3,6,2,1,2,5,8,0,3,3,4,8,4,1,2,0,1,1,2,0,2,5,10
334,0,1,1,4,0,2,0,3,5,2,1,1,5,8,0,3,3,4,8,4,1,9,3,2,5,3,0,2,5,3
295,2,2,1,4,0,0,5,3,6,2,7,2,5,8,0,0,3,2,8,2,2,2,3,2,5,3,3,2,5,0
565,6,1,1,4,2,2,5,1,0,2,6,2,5,8,0,0,3,2,8,2,2,2,0,1,1,2,0,2,5,12
565,6,2,0,2,2,3,5,3,1,2,9,2,5,8,0,0,3,2,8,2,2,2,0,1,4,1,0,2,5,1